SetLocation,2118.015411,1352.488962,-2272.966165
SetRotation,0.033086,0.000000,-0.999453,0.000000,1.000000,0.000000,0.999453,0.000000,0.033086
EndFrame
SetLocation,2118.015411,1352.488962,-2272.966165
SetRotation,0.033086,0.000000,-0.999453,0.000000,1.000000,0.000000,0.999453,0.000000,0.033086
EndFrame
SetLocation,2118.015411,1352.488962,-2272.966165
SetRotation,0.033086,0.000000,-0.999453,0.000000,1.000000,0.000000,0.999453,0.000000,0.033086
EndFrame
SetLocation,2118.015411,1352.488962,-2272.966165
SetRotation,0.033086,0.000000,-0.999453,0.000000,1.000000,0.000000,0.999453,0.000000,0.033086
EndFrame
SetLocation,2118.015411,1352.488962,-2272.966165
SetRotation,0.033086,0.000000,-0.999453,0.000000,1.000000,0.000000,0.999453,0.000000,0.033086
EndFrame
SetLocation,2118.015411,1352.488962,-2272.966165
SetRotation,0.033086,0.000000,-0.999453,0.000000,1.000000,0.000000,0.999453,0.000000,0.033086
EndFrame
SetLocation,2118.015411,1352.488962,-2272.966165
SetRotation,0.033086,0.000000,-0.999453,0.000000,1.000000,0.000000,0.999453,0.000000,0.033086
EndFrame
SetLocation,2118.015411,1352.488962,-2272.966165
SetRotation,0.033086,0.000000,-0.999453,0.000000,1.000000,0.000000,0.999453,0.000000,0.033086
EndFrame
SetLocation,2118.015411,1352.488962,-2272.966165
SetRotation,0.033086,0.000000,-0.999453,0.000000,1.000000,0.000000,0.999453,0.000000,0.033086
EndFrame
SetLocation,2118.015411,1352.488962,-2272.966165
SetRotation,0.033086,0.000000,-0.999453,0.000000,1.000000,0.000000,0.999453,0.000000,0.033086
EndFrame
SetLocation,2118.015411,1352.488962,-2272.966165
SetRotation,0.033086,0.000000,-0.999453,0.000000,1.000000,0.000000,0.999453,0.000000,0.033086
EndFrame
SetLocation,2118.015411,1352.488962,-2272.966165
SetRotation,0.033086,0.000000,-0.999453,0.000000,1.000000,0.000000,0.999453,0.000000,0.033086
EndFrame
SetLocation,2118.015411,1352.488962,-2272.966165
SetRotation,0.033086,0.000000,-0.999453,0.000000,1.000000,0.000000,0.999453,0.000000,0.033086
EndFrame
SetLocation,2118.015411,1352.488962,-2272.966165
SetRotation,0.033086,0.000000,-0.999453,0.000000,1.000000,0.000000,0.999453,0.000000,0.033086
EndFrame
SetLocation,2118.015411,1352.488962,-2272.966165
SetRotation,0.033086,0.000000,-0.999453,0.000000,1.000000,0.000000,0.999453,0.000000,0.033086
EndFrame
SetLocation,2118.015411,1352.488962,-2272.966165
SetRotation,0.033086,0.000000,-0.999453,0.000000,1.000000,0.000000,0.999453,0.000000,0.033086
EndFrame
SetLocation,2118.015411,1352.488962,-2272.966165
SetRotation,0.033086,0.000000,-0.999453,0.000000,1.000000,0.000000,0.999453,0.000000,0.033086
EndFrame
SetLocation,2118.015411,1352.488962,-2272.966165
SetRotation,0.033086,0.000000,-0.999453,0.000000,1.000000,0.000000,0.999453,0.000000,0.033086
EndFrame
SetLocation,2118.015411,1352.488962,-2272.966165
SetRotation,0.033086,0.000000,-0.999453,0.000000,1.000000,0.000000,0.999453,0.000000,0.033086
EndFrame
SetLocation,2118.015411,1352.488962,-2272.966165
SetRotation,0.033086,0.000000,-0.999453,0.000000,1.000000,0.000000,0.999453,0.000000,0.033086
EndFrame
SetLocation,2118.015411,1352.488962,-2272.966165
SetRotation,0.033086,0.000000,-0.999453,0.000000,1.000000,0.000000,0.999453,0.000000,0.033086
EndFrame
SetLocation,2118.015411,1352.488962,-2272.966165
SetRotation,0.033086,0.000000,-0.999453,0.000000,1.000000,0.000000,0.999453,0.000000,0.033086
EndFrame
SetLocation,2118.015411,1352.488962,-2272.966165
SetRotation,0.033086,0.000000,-0.999453,0.000000,1.000000,0.000000,0.999453,0.000000,0.033086
EndFrame
SetLocation,2118.015411,1352.488962,-2272.966165
SetRotation,0.033086,0.000000,-0.999453,0.000000,1.000000,0.000000,0.999453,0.000000,0.033086
EndFrame
SetLocation,2118.015411,1352.488962,-2272.966165
SetRotation,0.033086,0.000000,-0.999453,0.000000,1.000000,0.000000,0.999453,0.000000,0.033086
EndFrame
SetLocation,2118.015411,1352.488962,-2272.966165
SetRotation,0.033086,0.000000,-0.999453,0.000000,1.000000,0.000000,0.999453,0.000000,0.033086
EndFrame
SetLocation,2118.015411,1352.488962,-2272.966165
SetRotation,0.033086,0.000000,-0.999453,0.000000,1.000000,0.000000,0.999453,0.000000,0.033086
EndFrame
SetLocation,2118.015411,1352.488962,-2272.966165
SetRotation,0.033086,0.000000,-0.999453,0.000000,1.000000,0.000000,0.999453,0.000000,0.033086
EndFrame
SetLocation,2118.015411,1352.488962,-2272.966165
SetRotation,0.033086,0.000000,-0.999453,0.000000,1.000000,0.000000,0.999453,0.000000,0.033086
EndFrame
SetLocation,2118.015411,1352.488962,-2272.966165
SetRotation,0.033086,0.000000,-0.999453,0.000000,1.000000,0.000000,0.999453,0.000000,0.033086
EndFrame
SetLocation,2118.015411,1352.488962,-2272.966165
SetRotation,0.033086,0.000000,-0.999453,0.000000,1.000000,0.000000,0.999453,0.000000,0.033086
EndFrame
SetLocation,2118.015411,1352.488962,-2272.966165
SetRotation,0.033086,0.000000,-0.999453,0.000000,1.000000,0.000000,0.999453,0.000000,0.033086
EndFrame
SetLocation,2118.015411,1352.488962,-2272.966165
SetRotation,0.033086,0.000000,-0.999453,0.000000,1.000000,0.000000,0.999453,0.000000,0.033086
EndFrame
SetLocation,2118.015411,1352.488962,-2272.966165
SetRotation,0.033086,0.000000,-0.999453,0.000000,1.000000,0.000000,0.999453,0.000000,0.033086
EndFrame
SetLocation,2118.015411,1352.488962,-2272.966165
SetRotation,0.033086,0.000000,-0.999453,0.000000,1.000000,0.000000,0.999453,0.000000,0.033086
EndFrame
SetLocation,2118.015411,1352.488962,-2272.966165
SetRotation,0.033086,0.000000,-0.999453,0.000000,1.000000,0.000000,0.999453,0.000000,0.033086
EndFrame
SetLocation,2118.015411,1352.488962,-2272.966165
SetRotation,0.033086,0.000000,-0.999453,0.000000,1.000000,0.000000,0.999453,0.000000,0.033086
EndFrame
SetLocation,2118.015411,1352.488962,-2272.966165
SetRotation,0.033086,0.000000,-0.999453,0.000000,1.000000,0.000000,0.999453,0.000000,0.033086
EndFrame
SetLocation,2118.015411,1352.488962,-2272.966165
SetRotation,0.033086,0.000000,-0.999453,0.000000,1.000000,0.000000,0.999453,0.000000,0.033086
EndFrame
SetLocation,2118.015411,1352.488962,-2272.966165
SetRotation,0.033086,0.000000,-0.999453,0.000000,1.000000,0.000000,0.999453,0.000000,0.033086
EndFrame
SetLocation,2118.015411,1352.488962,-2272.966165
SetRotation,0.033086,0.000000,-0.999453,0.000000,1.000000,0.000000,0.999453,0.000000,0.033086
EndFrame
SetLocation,2118.015411,1352.488962,-2272.966165
SetRotation,0.033086,0.000000,-0.999453,0.000000,1.000000,0.000000,0.999453,0.000000,0.033086
EndFrame
SetLocation,2118.015411,1352.488962,-2272.966165
SetRotation,0.033086,0.000000,-0.999453,0.000000,1.000000,0.000000,0.999453,0.000000,0.033086
EndFrame
SetLocation,2118.015411,1352.488962,-2272.966165
SetRotation,0.033086,0.000000,-0.999453,0.000000,1.000000,0.000000,0.999453,0.000000,0.033086
EndFrame
SetLocation,2118.015411,1352.488962,-2272.966165
SetRotation,0.033086,0.000000,-0.999453,0.000000,1.000000,0.000000,0.999453,0.000000,0.033086
EndFrame
SetLocation,2118.015411,1352.488962,-2272.966165
SetRotation,0.033086,0.000000,-0.999453,0.000000,1.000000,0.000000,0.999453,0.000000,0.033086
EndFrame
SetLocation,2118.015411,1352.488962,-2272.966165
SetRotation,0.033086,0.000000,-0.999453,0.000000,1.000000,0.000000,0.999453,0.000000,0.033086
EndFrame
SetLocation,2118.015411,1352.488962,-2272.966165
SetRotation,0.033086,0.000000,-0.999453,0.000000,1.000000,0.000000,0.999453,0.000000,0.033086
EndFrame
SetLocation,2118.015411,1352.488962,-2272.966165
SetRotation,0.033086,0.000000,-0.999453,0.000000,1.000000,0.000000,0.999453,0.000000,0.033086
EndFrame
SetLocation,2118.015411,1352.488962,-2272.966165
SetRotation,0.033086,0.000000,-0.999453,0.000000,1.000000,0.000000,0.999453,0.000000,0.033086
EndFrame
SetLocation,2118.015411,1352.488962,-2272.966165
SetRotation,0.033086,0.000000,-0.999453,0.000000,1.000000,0.000000,0.999453,0.000000,0.033086
EndFrame
SetLocation,2118.015411,1352.488962,-2272.966165
SetRotation,0.033086,0.000000,-0.999453,0.000000,1.000000,0.000000,0.999453,0.000000,0.033086
EndFrame
SetLocation,2118.015411,1352.488962,-2272.966165
SetRotation,0.033086,0.000000,-0.999453,0.000000,1.000000,0.000000,0.999453,0.000000,0.033086
EndFrame
SetLocation,2118.015411,1352.488962,-2272.966165
SetRotation,0.033086,0.000000,-0.999453,0.000000,1.000000,0.000000,0.999453,0.000000,0.033086
EndFrame
SetLocation,2118.015411,1352.488962,-2272.966165
SetRotation,0.033086,0.000000,-0.999453,0.000000,1.000000,0.000000,0.999453,0.000000,0.033086
EndFrame
SetLocation,2118.015411,1352.488962,-2272.966165
SetRotation,0.033086,0.000000,-0.999453,0.000000,1.000000,0.000000,0.999453,0.000000,0.033086
EndFrame
SetLocation,2118.015411,1352.488962,-2272.966165
SetRotation,0.033086,0.000000,-0.999453,0.000000,1.000000,0.000000,0.999453,0.000000,0.033086
EndFrame
SetLocation,2118.015411,1352.488962,-2272.966165
SetRotation,0.033086,0.000000,-0.999453,0.000000,1.000000,0.000000,0.999453,0.000000,0.033086
EndFrame
SetLocation,2118.015411,1352.488962,-2272.966165
SetRotation,0.033086,0.000000,-0.999453,0.000000,1.000000,0.000000,0.999453,0.000000,0.033086
EndFrame
SetLocation,2118.015411,1352.488962,-2272.966165
SetRotation,0.033086,0.000000,-0.999453,0.000000,1.000000,0.000000,0.999453,0.000000,0.033086
EndFrame
SetLocation,2118.015411,1352.488962,-2272.966165
SetRotation,0.033086,0.000000,-0.999453,0.000000,1.000000,0.000000,0.999453,0.000000,0.033086
EndFrame
SetLocation,2118.015411,1352.488962,-2272.966165
SetRotation,0.033086,0.000000,-0.999453,0.000000,1.000000,0.000000,0.999453,0.000000,0.033086
EndFrame
SetLocation,2118.015411,1352.488962,-2272.966165
SetRotation,0.033086,0.000000,-0.999453,0.000000,1.000000,0.000000,0.999453,0.000000,0.033086
EndFrame
SetLocation,2118.015411,1352.488962,-2272.966165
SetRotation,0.033086,0.000000,-0.999453,0.000000,1.000000,0.000000,0.999453,0.000000,0.033086
EndFrame
SetLocation,2118.015411,1352.488962,-2272.966165
SetRotation,0.033086,0.000000,-0.999453,0.000000,1.000000,0.000000,0.999453,0.000000,0.033086
EndFrame
SetLocation,2118.015411,1352.488962,-2272.966165
SetRotation,0.033086,0.000000,-0.999453,0.000000,1.000000,0.000000,0.999453,0.000000,0.033086
EndFrame
SetLocation,2118.015411,1352.488962,-2272.966165
SetRotation,0.033086,0.000000,-0.999453,0.000000,1.000000,0.000000,0.999453,0.000000,0.033086
EndFrame
SetLocation,2118.015411,1352.488962,-2272.966165
SetRotation,0.033086,0.000000,-0.999453,0.000000,1.000000,0.000000,0.999453,0.000000,0.033086
EndFrame
SetLocation,2118.015411,1352.488962,-2272.966165
SetRotation,0.033086,0.000000,-0.999453,0.000000,1.000000,0.000000,0.999453,0.000000,0.033086
EndFrame
SetLocation,2118.015411,1352.488962,-2272.966165
SetRotation,0.033086,0.000000,-0.999453,0.000000,1.000000,0.000000,0.999453,0.000000,0.033086
EndFrame
SetLocation,2118.015411,1352.488962,-2272.966165
SetRotation,0.033086,0.000000,-0.999453,0.000000,1.000000,0.000000,0.999453,0.000000,0.033086
EndFrame
SetLocation,2118.015411,1352.488962,-2272.966165
SetRotation,0.033086,0.000000,-0.999453,0.000000,1.000000,0.000000,0.999453,0.000000,0.033086
EndFrame
SetLocation,2118.015411,1352.488962,-2272.966165
SetRotation,0.033086,0.000000,-0.999453,0.000000,1.000000,0.000000,0.999453,0.000000,0.033086
EndFrame
SetLocation,2118.015411,1352.488962,-2272.966165
SetRotation,0.033086,0.000000,-0.999453,0.000000,1.000000,0.000000,0.999453,0.000000,0.033086
EndFrame
SetLocation,2118.015411,1352.488962,-2272.966165
SetRotation,0.033086,0.000000,-0.999453,0.000000,1.000000,0.000000,0.999453,0.000000,0.033086
EndFrame
SetLocation,2115.120065,1352.488962,-2273.062012
SetRotation,0.033086,0.000000,-0.999453,0.000000,1.000000,0.000000,0.999453,0.000000,0.033086
EndFrame
SetLocation,2112.224130,1352.488962,-2273.157879
SetRotation,0.033086,0.000000,-0.999453,0.000000,1.000000,0.000000,0.999453,0.000000,0.033086
EndFrame
SetLocation,2109.335420,1352.488962,-2273.253506
SetRotation,0.033086,0.000000,-0.999453,0.000000,1.000000,0.000000,0.999453,0.000000,0.033086
EndFrame
SetLocation,2106.441754,1352.488962,-2273.349298
SetRotation,0.033086,0.000000,-0.999453,0.000000,1.000000,0.000000,0.999453,0.000000,0.033086
EndFrame
SetLocation,2103.444638,1352.488962,-2273.448514
SetRotation,0.033086,0.000000,-0.999453,0.000000,1.000000,0.000000,0.999453,0.000000,0.033086
EndFrame
SetLocation,2100.403981,1352.488962,-2273.549172
SetRotation,0.033086,0.000000,-0.999453,0.000000,1.000000,0.000000,0.999453,0.000000,0.033086
EndFrame
SetLocation,2097.410090,1352.488962,-2273.648281
SetRotation,0.033086,0.000000,-0.999453,0.000000,1.000000,0.000000,0.999453,0.000000,0.033086
EndFrame
SetLocation,2094.509789,1352.488962,-2273.744292
SetRotation,0.033086,0.000000,-0.999453,0.000000,1.000000,0.000000,0.999453,0.000000,0.033086
EndFrame
SetLocation,2091.614936,1352.488962,-2273.840123
SetRotation,0.033086,0.000000,-0.999453,0.000000,1.000000,0.000000,0.999453,0.000000,0.033086
EndFrame
SetLocation,2088.668062,1352.488962,-2273.937676
SetRotation,0.033086,0.000000,-0.999453,0.000000,1.000000,0.000000,0.999453,0.000000,0.033086
EndFrame
SetLocation,2085.764941,1352.488962,-2274.033781
SetRotation,0.033086,0.000000,-0.999453,0.000000,1.000000,0.000000,0.999453,0.000000,0.033086
EndFrame
SetLocation,2082.880838,1352.488962,-2274.129256
SetRotation,0.033086,0.000000,-0.999453,0.000000,1.000000,0.000000,0.999453,0.000000,0.033086
EndFrame
SetLocation,2079.927551,1352.488962,-2274.227022
SetRotation,0.033086,0.000000,-0.999453,0.000000,1.000000,0.000000,0.999453,0.000000,0.033086
EndFrame
SetLocation,2077.028583,1352.488962,-2274.322989
SetRotation,0.033086,0.000000,-0.999453,0.000000,1.000000,0.000000,0.999453,0.000000,0.033086
EndFrame
SetLocation,2074.132136,1352.488962,-2274.418872
SetRotation,0.033086,0.000000,-0.999453,0.000000,1.000000,0.000000,0.999453,0.000000,0.033086
EndFrame
SetLocation,2071.182655,1352.488962,-2274.516512
SetRotation,0.033086,0.000000,-0.999453,0.000000,1.000000,0.000000,0.999453,0.000000,0.033086
EndFrame
SetLocation,2068.289433,1352.488962,-2274.612289
SetRotation,0.033086,0.000000,-0.999453,0.000000,1.000000,0.000000,0.999453,0.000000,0.033086
EndFrame
SetLocation,2065.392252,1352.488962,-2274.708197
SetRotation,0.033086,0.000000,-0.999453,0.000000,1.000000,0.000000,0.999453,0.000000,0.033086
EndFrame
SetLocation,2062.493024,1352.488962,-2274.804172
SetRotation,0.033086,0.000000,-0.999453,0.000000,1.000000,0.000000,0.999453,0.000000,0.033086
EndFrame
SetLocation,2059.451208,1352.488962,-2274.904868
SetRotation,0.033086,0.000000,-0.999453,0.000000,1.000000,0.000000,0.999453,0.000000,0.033086
EndFrame
SetLocation,2056.462021,1352.488962,-2275.003822
SetRotation,0.033086,0.000000,-0.999453,0.000000,1.000000,0.000000,0.999453,0.000000,0.033086
EndFrame
SetLocation,2053.563971,1352.488962,-2275.099759
SetRotation,0.033086,0.000000,-0.999453,0.000000,1.000000,0.000000,0.999453,0.000000,0.033086
EndFrame
SetLocation,2050.620787,1352.488962,-2275.197190
SetRotation,0.033086,0.000000,-0.999453,0.000000,1.000000,0.000000,0.999453,0.000000,0.033086
EndFrame
SetLocation,2047.730250,1352.488962,-2275.292878
SetRotation,0.033086,0.000000,-0.999453,0.000000,1.000000,0.000000,0.999453,0.000000,0.033086
EndFrame
SetLocation,2044.825584,1352.488962,-2275.389034
SetRotation,0.033086,0.000000,-0.999453,0.000000,1.000000,0.000000,0.999453,0.000000,0.033086
EndFrame
SetLocation,2041.918078,1352.488962,-2275.485283
SetRotation,0.033086,0.000000,-0.999453,0.000000,1.000000,0.000000,0.999453,0.000000,0.033086
EndFrame
SetLocation,2039.022578,1352.488962,-2275.581136
SetRotation,0.033086,0.000000,-0.999453,0.000000,1.000000,0.000000,0.999453,0.000000,0.033086
EndFrame
SetLocation,2036.021800,1352.488962,-2275.680473
SetRotation,0.033086,0.000000,-0.999453,0.000000,1.000000,0.000000,0.999453,0.000000,0.033086
EndFrame
SetLocation,2033.074425,1352.488962,-2275.778043
SetRotation,0.033086,0.000000,-0.999453,0.000000,1.000000,0.000000,0.999453,0.000000,0.033086
EndFrame
SetLocation,2029.978879,1352.488962,-2275.880518
SetRotation,0.033086,0.000000,-0.999453,0.000000,1.000000,0.000000,0.999453,0.000000,0.033086
EndFrame
SetLocation,2026.938145,1352.488962,-2275.981178
SetRotation,0.033086,0.000000,-0.999453,0.000000,1.000000,0.000000,0.999453,0.000000,0.033086
EndFrame
SetLocation,2023.838264,1352.488962,-2276.083796
SetRotation,0.033086,0.000000,-0.999453,0.000000,1.000000,0.000000,0.999453,0.000000,0.033086
EndFrame
SetLocation,2020.921659,1352.488962,-2276.180347
SetRotation,0.033086,0.000000,-0.999453,0.000000,1.000000,0.000000,0.999453,0.000000,0.033086
EndFrame
SetLocation,2017.932308,1352.488962,-2276.279306
SetRotation,0.033086,0.000000,-0.999453,0.000000,1.000000,0.000000,0.999453,0.000000,0.033086
EndFrame
SetLocation,2014.913576,1352.488962,-2276.379238
SetRotation,0.033086,0.000000,-0.999453,0.000000,1.000000,0.000000,0.999453,0.000000,0.033086
EndFrame
SetLocation,2011.946729,1352.488962,-2276.477452
SetRotation,0.033086,0.000000,-0.999453,0.000000,1.000000,0.000000,0.999453,0.000000,0.033086
EndFrame
SetLocation,2008.957600,1352.488962,-2276.576404
SetRotation,0.033086,0.000000,-0.999453,0.000000,1.000000,0.000000,0.999453,0.000000,0.033086
EndFrame
SetLocation,2005.962019,1352.488962,-2276.675569
SetRotation,0.033086,0.000000,-0.999453,0.000000,1.000000,0.000000,0.999453,0.000000,0.033086
EndFrame
SetLocation,2002.952250,1352.488962,-2276.775204
SetRotation,0.033086,0.000000,-0.999453,0.000000,1.000000,0.000000,0.999453,0.000000,0.033086
EndFrame
SetLocation,2000.064254,1352.488962,-2276.870808
SetRotation,0.033086,0.000000,-0.999453,0.000000,1.000000,0.000000,0.999453,0.000000,0.033086
EndFrame
SetLocation,1997.164987,1352.488962,-2276.966786
SetRotation,0.033086,0.000000,-0.999453,0.000000,1.000000,0.000000,0.999453,0.000000,0.033086
EndFrame
SetLocation,1994.133679,1352.488962,-2277.067134
SetRotation,0.033086,0.000000,-0.999453,0.000000,1.000000,0.000000,0.999453,0.000000,0.033086
EndFrame
SetLocation,1991.105376,1352.488962,-2277.167382
SetRotation,0.033086,0.000000,-0.999453,0.000000,1.000000,0.000000,0.999453,0.000000,0.033086
EndFrame
SetLocation,1988.197010,1352.488962,-2277.263661
SetRotation,0.033086,0.000000,-0.999453,0.000000,1.000000,0.000000,0.999453,0.000000,0.033086
EndFrame
SetLocation,1985.308696,1352.488962,-2277.359275
SetRotation,0.033086,0.000000,-0.999453,0.000000,1.000000,0.000000,0.999453,0.000000,0.033086
EndFrame
SetLocation,1982.407294,1352.488962,-2277.455323
SetRotation,0.033086,0.000000,-0.999453,0.000000,1.000000,0.000000,0.999453,0.000000,0.033086
EndFrame
SetLocation,1979.376634,1352.488962,-2277.555649
SetRotation,0.033086,0.000000,-0.999453,0.000000,1.000000,0.000000,0.999453,0.000000,0.033086
EndFrame
SetLocation,1976.325710,1352.488962,-2277.656647
SetRotation,0.033086,0.000000,-0.999453,0.000000,1.000000,0.000000,0.999453,0.000000,0.033086
EndFrame
SetLocation,1973.328951,1352.488962,-2277.755851
SetRotation,0.033086,0.000000,-0.999453,0.000000,1.000000,0.000000,0.999453,0.000000,0.033086
EndFrame
SetLocation,1970.420498,1352.488962,-2277.852132
SetRotation,0.033086,0.000000,-0.999453,0.000000,1.000000,0.000000,0.999453,0.000000,0.033086
EndFrame
SetLocation,1967.422658,1352.488962,-2277.951373
SetRotation,0.033086,0.000000,-0.999453,0.000000,1.000000,0.000000,0.999453,0.000000,0.033086
EndFrame
SetLocation,1964.431288,1352.488962,-2278.050399
SetRotation,0.033086,0.000000,-0.999453,0.000000,1.000000,0.000000,0.999453,0.000000,0.033086
EndFrame
SetLocation,1961.499491,1352.488962,-2278.147453
SetRotation,0.033086,0.000000,-0.999453,0.000000,1.000000,0.000000,0.999453,0.000000,0.033086
EndFrame
SetLocation,1958.560953,1352.488962,-2278.244730
SetRotation,0.033086,0.000000,-0.999453,0.000000,1.000000,0.000000,0.999453,0.000000,0.033086
EndFrame
SetLocation,1955.676067,1352.488962,-2278.340231
SetRotation,0.033086,0.000000,-0.999453,0.000000,1.000000,0.000000,0.999453,0.000000,0.033086
EndFrame
SetLocation,1952.773110,1352.488962,-2278.436330
SetRotation,0.033086,0.000000,-0.999453,0.000000,1.000000,0.000000,0.999453,0.000000,0.033086
EndFrame
SetLocation,1949.849127,1352.488962,-2278.533125
SetRotation,0.033086,0.000000,-0.999453,0.000000,1.000000,0.000000,0.999453,0.000000,0.033086
EndFrame
SetLocation,1946.815946,1352.488962,-2278.633535
SetRotation,0.033086,0.000000,-0.999453,0.000000,1.000000,0.000000,0.999453,0.000000,0.033086
EndFrame
SetLocation,1943.772247,1352.488962,-2278.734294
SetRotation,0.033086,0.000000,-0.999453,0.000000,1.000000,0.000000,0.999453,0.000000,0.033086
EndFrame
SetLocation,1940.840566,1352.488962,-2278.831344
SetRotation,0.033086,0.000000,-0.999453,0.000000,1.000000,0.000000,0.999453,0.000000,0.033086
EndFrame
SetLocation,1937.930326,1352.488962,-2278.927684
SetRotation,0.033086,0.000000,-0.999453,0.000000,1.000000,0.000000,0.999453,0.000000,0.033086
EndFrame
SetLocation,1934.950798,1352.488962,-2279.026318
SetRotation,0.033086,0.000000,-0.999453,0.000000,1.000000,0.000000,0.999453,0.000000,0.033086
EndFrame
SetLocation,1932.053790,1352.488962,-2279.122220
SetRotation,0.033086,0.000000,-0.999453,0.000000,1.000000,0.000000,0.999453,0.000000,0.033086
EndFrame
SetLocation,1929.197561,1352.488962,-2279.216773
SetRotation,0.033086,0.000000,-0.999453,0.000000,1.000000,0.000000,0.999453,0.000000,0.033086
EndFrame
SetLocation,1926.292180,1352.488962,-2279.312952
SetRotation,0.033086,0.000000,-0.999453,0.000000,1.000000,0.000000,0.999453,0.000000,0.033086
EndFrame
SetLocation,1923.297874,1352.488962,-2279.412075
SetRotation,0.033086,0.000000,-0.999453,0.000000,1.000000,0.000000,0.999453,0.000000,0.033086
EndFrame
SetLocation,1915.475615,1352.488962,-2279.671023
SetRotation,0.033086,0.000000,-0.999453,0.000000,1.000000,0.000000,0.999453,0.000000,0.033086
EndFrame
SetLocation,1907.395292,1352.488962,-2279.938513
SetRotation,0.033086,0.000000,-0.999453,0.000000,1.000000,0.000000,0.999453,0.000000,0.033086
EndFrame
SetLocation,1893.814129,1352.488962,-2280.388102
SetRotation,0.033086,0.000000,-0.999453,0.000000,1.000000,0.000000,0.999453,0.000000,0.033086
EndFrame
SetLocation,1881.152396,1352.488962,-2280.807255
SetRotation,0.033086,0.000000,-0.999453,0.000000,1.000000,0.000000,0.999453,0.000000,0.033086
EndFrame
SetLocation,1868.467947,1352.488962,-2281.227160
SetRotation,0.033086,0.000000,-0.999453,0.000000,1.000000,0.000000,0.999453,0.000000,0.033086
EndFrame
SetLocation,1855.554845,1352.488962,-2281.654634
SetRotation,0.033086,0.000000,-0.999453,0.000000,1.000000,0.000000,0.999453,0.000000,0.033086
EndFrame
SetLocation,1842.845183,1352.488962,-2282.075374
SetRotation,0.033086,0.000000,-0.999453,0.000000,1.000000,0.000000,0.999453,0.000000,0.033086
EndFrame
SetLocation,1830.184339,1352.488962,-2282.494497
SetRotation,0.033086,0.000000,-0.999453,0.000000,1.000000,0.000000,0.999453,0.000000,0.033086
EndFrame
SetLocation,1817.273395,1352.488962,-2282.921900
SetRotation,0.033086,0.000000,-0.999453,0.000000,1.000000,0.000000,0.999453,0.000000,0.033086
EndFrame
SetLocation,1804.132614,1352.488962,-2283.356911
SetRotation,0.033086,0.000000,-0.999453,0.000000,1.000000,0.000000,0.999453,0.000000,0.033086
EndFrame
SetLocation,1791.005286,1352.488962,-2283.791476
SetRotation,0.033086,0.000000,-0.999453,0.000000,1.000000,0.000000,0.999453,0.000000,0.033086
EndFrame
SetLocation,1778.112491,1352.488962,-2284.218278
SetRotation,0.033086,0.000000,-0.999453,0.000000,1.000000,0.000000,0.999453,0.000000,0.033086
EndFrame
SetLocation,1764.589411,1352.488962,-2284.665945
SetRotation,0.033086,0.000000,-0.999453,0.000000,1.000000,0.000000,0.999453,0.000000,0.033086
EndFrame
SetLocation,1751.878310,1352.488962,-2285.086732
SetRotation,0.033086,0.000000,-0.999453,0.000000,1.000000,0.000000,0.999453,0.000000,0.033086
EndFrame
SetLocation,1739.181423,1352.488962,-2285.507049
SetRotation,0.033086,0.000000,-0.999453,0.000000,1.000000,0.000000,0.999453,0.000000,0.033086
EndFrame
SetLocation,1726.294931,1352.488962,-2285.933642
SetRotation,0.033086,0.000000,-0.999453,0.000000,1.000000,0.000000,0.999453,0.000000,0.033086
EndFrame
SetLocation,1713.565385,1352.488962,-2286.355040
SetRotation,0.033086,0.000000,-0.999453,0.000000,1.000000,0.000000,0.999453,0.000000,0.033086
EndFrame
SetLocation,1700.911183,1352.488962,-2286.773943
SetRotation,0.033086,0.000000,-0.999453,0.000000,1.000000,0.000000,0.999453,0.000000,0.033086
EndFrame
SetLocation,1687.571406,1352.488962,-2287.215542
SetRotation,0.033086,0.000000,-0.999453,0.000000,1.000000,0.000000,0.999453,0.000000,0.033086
EndFrame
SetLocation,1674.037750,1352.488962,-2287.663559
SetRotation,0.033086,0.000000,-0.999453,0.000000,1.000000,0.000000,0.999453,0.000000,0.033086
EndFrame
SetLocation,1661.331260,1352.488962,-2288.084193
SetRotation,0.033086,0.000000,-0.999453,0.000000,1.000000,0.000000,0.999453,0.000000,0.033086
EndFrame
SetLocation,1648.414732,1352.488962,-2288.511781
SetRotation,0.033086,0.000000,-0.999453,0.000000,1.000000,0.000000,0.999453,0.000000,0.033086
EndFrame
SetLocation,1634.907516,1352.488962,-2288.958922
SetRotation,0.033086,0.000000,-0.999453,0.000000,1.000000,0.000000,0.999453,0.000000,0.033086
EndFrame
SetLocation,1621.356812,1352.488962,-2289.407503
SetRotation,0.033086,0.000000,-0.999453,0.000000,1.000000,0.000000,0.999453,0.000000,0.033086
EndFrame
SetLocation,1603.533544,1352.488962,-2289.997523
SetRotation,0.033086,0.000000,-0.999453,0.000000,1.000000,0.000000,0.999453,0.000000,0.033086
EndFrame
SetLocation,1585.911225,1352.488962,-2290.580891
SetRotation,0.033086,0.000000,-0.999453,0.000000,1.000000,0.000000,0.999453,0.000000,0.033086
EndFrame
SetLocation,1568.512172,1352.488962,-2291.156867
SetRotation,0.033086,0.000000,-0.999453,0.000000,1.000000,0.000000,0.999453,0.000000,0.033086
EndFrame
SetLocation,1550.809227,1352.488962,-2291.742904
SetRotation,0.033086,0.000000,-0.999453,0.000000,1.000000,0.000000,0.999453,0.000000,0.033086
EndFrame
SetLocation,1532.860644,1352.488962,-2292.337072
SetRotation,0.033086,0.000000,-0.999453,0.000000,1.000000,0.000000,0.999453,0.000000,0.033086
EndFrame
SetLocation,1515.066561,1352.488962,-2292.926126
SetRotation,0.033086,0.000000,-0.999453,0.000000,1.000000,0.000000,0.999453,0.000000,0.033086
EndFrame
SetLocation,1497.427976,1352.488962,-2293.510032
SetRotation,0.033086,0.000000,-0.999453,0.000000,1.000000,0.000000,0.999453,0.000000,0.033086
EndFrame
SetLocation,1479.867435,1352.488962,-2294.091354
SetRotation,0.033086,0.000000,-0.999453,0.000000,1.000000,0.000000,0.999453,0.000000,0.033086
EndFrame
SetLocation,1457.324525,1352.488962,-2294.837612
SetRotation,0.033086,0.000000,-0.999453,0.000000,1.000000,0.000000,0.999453,0.000000,0.033086
EndFrame
SetLocation,1434.920721,1352.488962,-2295.579266
SetRotation,0.033086,0.000000,-0.999453,0.000000,1.000000,0.000000,0.999453,0.000000,0.033086
EndFrame
SetLocation,1412.108069,1352.488962,-2296.334454
SetRotation,0.033086,0.000000,-0.999453,0.000000,1.000000,0.000000,0.999453,0.000000,0.033086
EndFrame
SetLocation,1389.063375,1352.488962,-2297.097323
SetRotation,0.033086,0.000000,-0.999453,0.000000,1.000000,0.000000,0.999453,0.000000,0.033086
EndFrame
SetLocation,1366.749435,1352.488962,-2297.836002
SetRotation,0.033086,0.000000,-0.999453,0.000000,1.000000,0.000000,0.999453,0.000000,0.033086
EndFrame
SetLocation,1339.219395,1352.488962,-2298.747353
SetRotation,0.033086,0.000000,-0.999453,0.000000,1.000000,0.000000,0.999453,0.000000,0.033086
EndFrame
SetLocation,1310.882480,1352.488962,-2299.685416
SetRotation,0.033086,0.000000,-0.999453,0.000000,1.000000,0.000000,0.999453,0.000000,0.033086
EndFrame
SetLocation,1283.105288,1352.488962,-2300.604949
SetRotation,0.033086,0.000000,-0.999453,0.000000,1.000000,0.000000,0.999453,0.000000,0.033086
EndFrame
SetLocation,1254.698842,1352.488962,-2301.545314
SetRotation,0.033086,0.000000,-0.999453,0.000000,1.000000,0.000000,0.999453,0.000000,0.033086
EndFrame
SetLocation,1227.626740,1352.488962,-2302.441506
SetRotation,0.033086,0.000000,-0.999453,0.000000,1.000000,0.000000,0.999453,0.000000,0.033086
EndFrame
SetLocation,1200.251021,1352.488962,-2303.347749
SetRotation,0.033086,0.000000,-0.999453,0.000000,1.000000,0.000000,0.999453,0.000000,0.033086
EndFrame
SetLocation,1172.359985,1352.488962,-2304.271051
SetRotation,0.033086,0.000000,-0.999453,0.000000,1.000000,0.000000,0.999453,0.000000,0.033086
EndFrame
SetLocation,1144.725053,1352.488962,-2305.185875
SetRotation,0.033086,0.000000,-0.999453,0.000000,1.000000,0.000000,0.999453,0.000000,0.033086
EndFrame
SetLocation,1116.482339,1352.488962,-2306.120819
SetRotation,0.033086,0.000000,-0.999453,0.000000,1.000000,0.000000,0.999453,0.000000,0.033086
EndFrame
SetLocation,1087.933815,1352.488962,-2307.065887
SetRotation,0.033086,0.000000,-0.999453,0.000000,1.000000,0.000000,0.999453,0.000000,0.033086
EndFrame
SetLocation,1059.791881,1352.488962,-2307.997495
SetRotation,0.033086,0.000000,-0.999453,0.000000,1.000000,0.000000,0.999453,0.000000,0.033086
EndFrame
SetLocation,1026.108872,1352.488962,-2309.112534
SetRotation,0.033086,0.000000,-0.999453,0.000000,1.000000,0.000000,0.999453,0.000000,0.033086
EndFrame
SetLocation,993.865909,1352.488962,-2310.179902
SetRotation,0.033086,0.000000,-0.999453,0.000000,1.000000,0.000000,0.999453,0.000000,0.033086
EndFrame
SetLocation,960.791777,1352.488962,-2311.274785
SetRotation,0.033086,0.000000,-0.999453,0.000000,1.000000,0.000000,0.999453,0.000000,0.033086
EndFrame
SetLocation,927.419825,1352.488962,-2312.379527
SetRotation,0.033086,0.000000,-0.999453,0.000000,1.000000,0.000000,0.999453,0.000000,0.033086
EndFrame
SetLocation,888.780962,1352.488962,-2313.658624
SetRotation,0.033086,0.000000,-0.999453,0.000000,1.000000,0.000000,0.999453,0.000000,0.033086
EndFrame
SetLocation,850.947693,1352.488962,-2314.911053
SetRotation,0.033086,0.000000,-0.999453,0.000000,1.000000,0.000000,0.999453,0.000000,0.033086
EndFrame
SetLocation,813.033071,1352.488962,-2316.166175
SetRotation,0.033086,0.000000,-0.999453,0.000000,1.000000,0.000000,0.999453,0.000000,0.033086
EndFrame
SetLocation,775.960379,1352.488962,-2317.393426
SetRotation,0.033086,0.000000,-0.999453,0.000000,1.000000,0.000000,0.999453,0.000000,0.033086
EndFrame
SetLocation,736.982835,1352.488962,-2318.683735
SetRotation,0.033086,0.000000,-0.999453,0.000000,1.000000,0.000000,0.999453,0.000000,0.033086
EndFrame
SetLocation,699.347988,1352.488962,-2319.929595
SetRotation,0.033086,0.000000,-0.999453,0.000000,1.000000,0.000000,0.999453,0.000000,0.033086
EndFrame
SetLocation,660.760096,1352.488962,-2321.207005
SetRotation,0.033086,0.000000,-0.999453,0.000000,1.000000,0.000000,0.999453,0.000000,0.033086
EndFrame
SetLocation,623.851102,1352.488962,-2322.428837
SetRotation,0.033086,0.000000,-0.999453,0.000000,1.000000,0.000000,0.999453,0.000000,0.033086
EndFrame
SetLocation,580.708812,1352.488962,-2323.857015
SetRotation,0.033086,0.000000,-0.999453,0.000000,1.000000,0.000000,0.999453,0.000000,0.033086
EndFrame
SetLocation,538.568677,1352.488962,-2325.252018
SetRotation,0.033086,0.000000,-0.999453,0.000000,1.000000,0.000000,0.999453,0.000000,0.033086
EndFrame
SetLocation,494.412313,1352.488962,-2326.713766
SetRotation,0.033086,0.000000,-0.999453,0.000000,1.000000,0.000000,0.999453,0.000000,0.033086
EndFrame
SetLocation,451.175782,1352.488962,-2328.145064
SetRotation,0.033086,0.000000,-0.999453,0.000000,1.000000,0.000000,0.999453,0.000000,0.033086
EndFrame
SetLocation,403.353996,1352.488962,-2329.728152
SetRotation,0.033086,0.000000,-0.999453,0.000000,1.000000,0.000000,0.999453,0.000000,0.033086
EndFrame
SetLocation,356.255191,1352.488962,-2331.287306
SetRotation,0.033086,0.000000,-0.999453,0.000000,1.000000,0.000000,0.999453,0.000000,0.033086
EndFrame
SetLocation,309.348294,1352.488962,-2332.840108
SetRotation,0.033086,0.000000,-0.999453,0.000000,1.000000,0.000000,0.999453,0.000000,0.033086
EndFrame
SetLocation,261.569901,1352.488962,-2334.421759
SetRotation,0.033086,0.000000,-0.999453,0.000000,1.000000,0.000000,0.999453,0.000000,0.033086
EndFrame
SetLocation,212.899805,1352.488962,-2336.032929
SetRotation,0.033086,0.000000,-0.999453,0.000000,1.000000,0.000000,0.999453,0.000000,0.033086
EndFrame
SetLocation,165.918024,1352.488962,-2337.588209
SetRotation,0.033086,0.000000,-0.999453,0.000000,1.000000,0.000000,0.999453,0.000000,0.033086
EndFrame
SetLocation,118.123340,1352.488962,-2339.170400
SetRotation,0.033086,0.000000,-0.999453,0.000000,1.000000,0.000000,0.999453,0.000000,0.033086
EndFrame
SetLocation,69.572147,1352.488962,-2340.777634
SetRotation,0.033086,0.000000,-0.999453,0.000000,1.000000,0.000000,0.999453,0.000000,0.033086
EndFrame
SetLocation,17.708804,1352.488962,-2342.494513
SetRotation,0.033086,0.000000,-0.999453,0.000000,1.000000,0.000000,0.999453,0.000000,0.033086
EndFrame
SetLocation,-34.149699,1352.488962,-2344.211232
SetRotation,0.033086,0.000000,-0.999453,0.000000,1.000000,0.000000,0.999453,0.000000,0.033086
EndFrame
SetLocation,-86.080468,1352.488962,-2345.930343
SetRotation,0.033086,0.000000,-0.999453,0.000000,1.000000,0.000000,0.999453,0.000000,0.033086
EndFrame
SetLocation,-142.878659,1352.488962,-2347.810585
SetRotation,0.033086,0.000000,-0.999453,0.000000,1.000000,0.000000,0.999453,0.000000,0.033086
EndFrame
SetLocation,-204.623367,1352.488962,-2349.854576
SetRotation,0.033086,0.000000,-0.999453,0.000000,1.000000,0.000000,0.999453,0.000000,0.033086
EndFrame
SetLocation,-269.367385,1352.488962,-2351.997856
SetRotation,0.033086,0.000000,-0.999453,0.000000,1.000000,0.000000,0.999453,0.000000,0.033086
EndFrame
SetLocation,-334.993746,1352.488962,-2354.170345
SetRotation,0.033086,0.000000,-0.999453,0.000000,1.000000,0.000000,0.999453,0.000000,0.033086
EndFrame
SetLocation,-398.695106,1352.488962,-2356.279108
SetRotation,0.033086,0.000000,-0.999453,0.000000,1.000000,0.000000,0.999453,0.000000,0.033086
EndFrame
SetLocation,-461.544953,1352.488962,-2358.359684
SetRotation,0.033086,0.000000,-0.999453,0.000000,1.000000,0.000000,0.999453,0.000000,0.033086
EndFrame
SetLocation,-527.273257,1352.488962,-2360.535547
SetRotation,0.033086,0.000000,-0.999453,0.000000,1.000000,0.000000,0.999453,0.000000,0.033086
EndFrame
SetLocation,-588.945413,1352.488962,-2362.577136
SetRotation,0.033086,0.000000,-0.999453,0.000000,1.000000,0.000000,0.999453,0.000000,0.033086
EndFrame
SetLocation,-656.479242,1352.488962,-2364.812770
SetRotation,0.033086,0.000000,-0.999453,0.000000,1.000000,0.000000,0.999453,0.000000,0.033086
EndFrame
SetLocation,-725.216261,1352.488962,-2367.088233
SetRotation,0.033086,0.000000,-0.999453,0.000000,1.000000,0.000000,0.999453,0.000000,0.033086
EndFrame
SetLocation,-791.858072,1352.488962,-2369.294338
SetRotation,0.033086,0.000000,-0.999453,0.000000,1.000000,0.000000,0.999453,0.000000,0.033086
EndFrame
SetLocation,-860.712281,1352.488962,-2371.573681
SetRotation,0.033086,0.000000,-0.999453,0.000000,1.000000,0.000000,0.999453,0.000000,0.033086
EndFrame
SetLocation,-933.349793,1352.488962,-2373.978266
SetRotation,0.033086,0.000000,-0.999453,0.000000,1.000000,0.000000,0.999453,0.000000,0.033086
EndFrame
SetLocation,-1004.722828,1352.488962,-2376.340992
SetRotation,0.033086,0.000000,-0.999453,0.000000,1.000000,0.000000,0.999453,0.000000,0.033086
EndFrame
SetLocation,-1076.405968,1352.488962,-2378.713984
SetRotation,0.033086,0.000000,-0.999453,0.000000,1.000000,0.000000,0.999453,0.000000,0.033086
EndFrame
SetLocation,-1148.312041,1352.488962,-2381.094356
SetRotation,0.033086,0.000000,-0.999453,0.000000,1.000000,0.000000,0.999453,0.000000,0.033086
EndFrame
SetLocation,-1224.337519,1352.488962,-2383.611096
SetRotation,0.033086,0.000000,-0.999453,0.000000,1.000000,0.000000,0.999453,0.000000,0.033086
EndFrame
SetLocation,-1301.602367,1352.488962,-2386.168864
SetRotation,0.033086,0.000000,-0.999453,0.000000,1.000000,0.000000,0.999453,0.000000,0.033086
EndFrame
SetLocation,-1378.598108,1352.488962,-2388.717724
SetRotation,0.033086,0.000000,-0.999453,0.000000,1.000000,0.000000,0.999453,0.000000,0.033086
EndFrame
SetLocation,-1463.067403,1352.488962,-2391.513987
SetRotation,0.033086,0.000000,-0.999453,0.000000,1.000000,0.000000,0.999453,0.000000,0.033086
EndFrame
SetLocation,-1543.662815,1352.488962,-2394.182010
SetRotation,0.033086,0.000000,-0.999453,0.000000,1.000000,0.000000,0.999453,0.000000,0.033086
EndFrame
SetLocation,-1625.914939,1352.488962,-2396.904876
SetRotation,0.033086,0.000000,-0.999453,0.000000,1.000000,0.000000,0.999453,0.000000,0.033086
EndFrame
SetLocation,-1710.601548,1352.488962,-2399.708334
SetRotation,0.033086,0.000000,-0.999453,0.000000,1.000000,0.000000,0.999453,0.000000,0.033086
EndFrame
SetLocation,-1801.059739,1352.488962,-2402.702853
SetRotation,0.033086,0.000000,-0.999453,0.000000,1.000000,0.000000,0.999453,0.000000,0.033086
EndFrame
SetLocation,-1893.947514,1352.488962,-2405.777801
SetRotation,0.033086,0.000000,-0.999453,0.000000,1.000000,0.000000,0.999453,0.000000,0.033086
EndFrame
SetLocation,-1988.004988,1352.488962,-2408.891470
SetRotation,0.033086,0.000000,-0.999453,0.000000,1.000000,0.000000,0.999453,0.000000,0.033086
EndFrame
SetLocation,-2083.944591,1352.488962,-2412.067446
SetRotation,0.033086,0.000000,-0.999453,0.000000,1.000000,0.000000,0.999453,0.000000,0.033086
EndFrame
SetLocation,-2181.554960,1352.488962,-2415.298730
SetRotation,0.033086,0.000000,-0.999453,0.000000,1.000000,0.000000,0.999453,0.000000,0.033086
EndFrame
SetLocation,-2280.127546,1352.488962,-2418.561868
SetRotation,0.033086,0.000000,-0.999453,0.000000,1.000000,0.000000,0.999453,0.000000,0.033086
EndFrame
SetLocation,-2377.842518,1352.488962,-2421.796615
SetRotation,0.033086,0.000000,-0.999453,0.000000,1.000000,0.000000,0.999453,0.000000,0.033086
EndFrame
SetLocation,-2480.643343,1352.488962,-2425.199723
SetRotation,0.033086,0.000000,-0.999453,0.000000,1.000000,0.000000,0.999453,0.000000,0.033086
EndFrame
SetLocation,-2582.140312,1352.488962,-2428.559669
SetRotation,0.033086,0.000000,-0.999453,0.000000,1.000000,0.000000,0.999453,0.000000,0.033086
EndFrame
SetLocation,-2683.757678,1352.488962,-2431.923601
SetRotation,0.033086,0.000000,-0.999453,0.000000,1.000000,0.000000,0.999453,0.000000,0.033086
EndFrame
SetLocation,-2793.227170,1352.488962,-2435.547468
SetRotation,0.033086,0.000000,-0.999453,0.000000,1.000000,0.000000,0.999453,0.000000,0.033086
EndFrame
SetLocation,-2903.145082,1352.488962,-2439.186180
SetRotation,0.033086,0.000000,-0.999453,0.000000,1.000000,0.000000,0.999453,0.000000,0.033086
EndFrame
SetLocation,-3013.616117,1352.488962,-2442.843203
SetRotation,0.033086,0.000000,-0.999453,0.000000,1.000000,0.000000,0.999453,0.000000,0.033086
EndFrame
SetLocation,-3124.192505,1352.488962,-2446.503713
SetRotation,0.033086,0.000000,-0.999453,0.000000,1.000000,0.000000,0.999453,0.000000,0.033086
EndFrame
SetLocation,-3235.796421,1352.488962,-2450.198239
SetRotation,0.033086,0.000000,-0.999453,0.000000,1.000000,0.000000,0.999453,0.000000,0.033086
EndFrame
SetLocation,-3345.717552,1352.488962,-2453.837057
SetRotation,0.033086,0.000000,-0.999453,0.000000,1.000000,0.000000,0.999453,0.000000,0.033086
EndFrame
SetLocation,-3463.791595,1352.488962,-2457.745769
SetRotation,0.033086,0.000000,-0.999453,0.000000,1.000000,0.000000,0.999453,0.000000,0.033086
EndFrame
SetLocation,-3583.260827,1352.488962,-2461.700667
SetRotation,0.033086,0.000000,-0.999453,0.000000,1.000000,0.000000,0.999453,0.000000,0.033086
EndFrame
SetLocation,-3707.733144,1352.488962,-2465.821187
SetRotation,0.033086,0.000000,-0.999453,0.000000,1.000000,0.000000,0.999453,0.000000,0.033086
EndFrame
SetLocation,-3831.144042,1352.488962,-2469.906569
SetRotation,0.033086,0.000000,-0.999453,0.000000,1.000000,0.000000,0.999453,0.000000,0.033086
EndFrame
SetLocation,-3953.547336,1352.488962,-2473.958596
SetRotation,0.033086,0.000000,-0.999453,0.000000,1.000000,0.000000,0.999453,0.000000,0.033086
EndFrame
SetLocation,-4081.110567,1352.488962,-2478.181437
SetRotation,0.033086,0.000000,-0.999453,0.000000,1.000000,0.000000,0.999453,0.000000,0.033086
EndFrame
SetLocation,-4208.682989,1352.488962,-2482.404582
SetRotation,0.033086,0.000000,-0.999453,0.000000,1.000000,0.000000,0.999453,0.000000,0.033086
EndFrame
SetLocation,-4333.309765,1352.488962,-2486.530215
SetRotation,0.033086,0.000000,-0.999453,0.000000,1.000000,0.000000,0.999453,0.000000,0.033086
EndFrame
SetLocation,-4466.269740,1352.488962,-2490.931709
SetRotation,0.033086,0.000000,-0.999453,0.000000,1.000000,0.000000,0.999453,0.000000,0.033086
EndFrame
SetLocation,-4599.963149,1352.488962,-2495.357483
SetRotation,0.033086,0.000000,-0.999453,0.000000,1.000000,0.000000,0.999453,0.000000,0.033086
EndFrame
SetLocation,-4731.043292,1352.488962,-2499.696748
SetRotation,0.033086,0.000000,-0.999453,0.000000,1.000000,0.000000,0.999453,0.000000,0.033086
EndFrame
SetLocation,-4865.289491,1352.488962,-2504.140821
SetRotation,0.033086,0.000000,-0.999453,0.000000,1.000000,0.000000,0.999453,0.000000,0.033086
EndFrame
SetLocation,-4995.538496,1352.488962,-2508.452572
SetRotation,0.033086,0.000000,-0.999453,0.000000,1.000000,0.000000,0.999453,0.000000,0.033086
EndFrame
SetLocation,-5126.780177,1352.488962,-2512.797184
SetRotation,0.033086,0.000000,-0.999453,0.000000,1.000000,0.000000,0.999453,0.000000,0.033086
EndFrame
SetLocation,-5264.927342,1352.488962,-2517.370394
SetRotation,0.033086,0.000000,-0.999453,0.000000,1.000000,0.000000,0.999453,0.000000,0.033086
EndFrame
SetLocation,-5400.751445,1352.488962,-2521.866702
SetRotation,0.033086,0.000000,-0.999453,0.000000,1.000000,0.000000,0.999453,0.000000,0.033086
EndFrame
SetLocation,-5540.337403,1352.488962,-2526.487542
SetRotation,0.033086,0.000000,-0.999453,0.000000,1.000000,0.000000,0.999453,0.000000,0.033086
EndFrame
SetLocation,-5675.494813,1352.488962,-2530.961780
SetRotation,0.033086,0.000000,-0.999453,0.000000,1.000000,0.000000,0.999453,0.000000,0.033086
EndFrame
SetLocation,-5820.490750,1352.488962,-2535.761712
SetRotation,0.033086,0.000000,-0.999453,0.000000,1.000000,0.000000,0.999453,0.000000,0.033086
EndFrame
SetLocation,-5972.417713,1352.488962,-2540.791088
SetRotation,0.033086,0.000000,-0.999453,0.000000,1.000000,0.000000,0.999453,0.000000,0.033086
EndFrame
SetLocation,-6122.293378,1352.488962,-2545.752557
SetRotation,0.033086,0.000000,-0.999453,0.000000,1.000000,0.000000,0.999453,0.000000,0.033086
EndFrame
SetLocation,-6272.278947,1352.488962,-2550.717665
SetRotation,0.033086,0.000000,-0.999453,0.000000,1.000000,0.000000,0.999453,0.000000,0.033086
EndFrame
SetLocation,-6428.191257,1352.488962,-2555.878971
SetRotation,0.033086,0.000000,-0.999453,0.000000,1.000000,0.000000,0.999453,0.000000,0.033086
EndFrame
SetLocation,-6583.013362,1352.488962,-2561.004187
SetRotation,0.033086,0.000000,-0.999453,0.000000,1.000000,0.000000,0.999453,0.000000,0.033086
EndFrame
SetLocation,-6747.966037,1352.488962,-2566.464765
SetRotation,0.033086,0.000000,-0.999453,0.000000,1.000000,0.000000,0.999453,0.000000,0.033086
EndFrame
SetLocation,-6915.124621,1352.488962,-2571.998367
SetRotation,0.033086,0.000000,-0.999453,0.000000,1.000000,0.000000,0.999453,0.000000,0.033086
EndFrame
SetLocation,-7079.874316,1352.488962,-2577.452225
SetRotation,0.033086,0.000000,-0.999453,0.000000,1.000000,0.000000,0.999453,0.000000,0.033086
EndFrame
SetLocation,-7254.792112,1352.488962,-2583.242687
SetRotation,0.033086,0.000000,-0.999453,0.000000,1.000000,0.000000,0.999453,0.000000,0.033086
EndFrame
SetLocation,-7424.314153,1352.488962,-2588.854528
SetRotation,0.033086,0.000000,-0.999453,0.000000,1.000000,0.000000,0.999453,0.000000,0.033086
EndFrame
SetLocation,-7602.420375,1352.488962,-2594.750539
SetRotation,0.033086,0.000000,-0.999453,0.000000,1.000000,0.000000,0.999453,0.000000,0.033086
EndFrame
SetLocation,-7777.464691,1352.488962,-2600.545190
SetRotation,0.033086,0.000000,-0.999453,0.000000,1.000000,0.000000,0.999453,0.000000,0.033086
EndFrame
SetLocation,-7952.459868,1352.488962,-2606.338213
SetRotation,0.033086,0.000000,-0.999453,0.000000,1.000000,0.000000,0.999453,0.000000,0.033086
EndFrame
SetLocation,-8129.763778,1352.488962,-2612.207665
SetRotation,0.033086,0.000000,-0.999453,0.000000,1.000000,0.000000,0.999453,0.000000,0.033086
EndFrame
SetLocation,-8303.999309,1352.488962,-2617.975541
SetRotation,0.033086,0.000000,-0.999453,0.000000,1.000000,0.000000,0.999453,0.000000,0.033086
EndFrame
SetLocation,-8484.560501,1352.488962,-2623.952822
SetRotation,0.033086,0.000000,-0.999453,0.000000,1.000000,0.000000,0.999453,0.000000,0.033086
EndFrame
SetLocation,-8672.822803,1352.488962,-2630.185039
SetRotation,0.033086,0.000000,-0.999453,0.000000,1.000000,0.000000,0.999453,0.000000,0.033086
EndFrame
SetLocation,-8851.458097,1352.488962,-2636.098565
SetRotation,0.033086,0.000000,-0.999453,0.000000,1.000000,0.000000,0.999453,0.000000,0.033086
EndFrame
SetLocation,-9036.086668,1352.488962,-2642.210491
SetRotation,0.033086,0.000000,-0.999453,0.000000,1.000000,0.000000,0.999453,0.000000,0.033086
EndFrame
SetLocation,-9223.343292,1352.488962,-2648.409416
SetRotation,0.033086,0.000000,-0.999453,0.000000,1.000000,0.000000,0.999453,0.000000,0.033086
EndFrame
SetLocation,-9407.652642,1352.488962,-2654.510775
SetRotation,0.033086,0.000000,-0.999453,0.000000,1.000000,0.000000,0.999453,0.000000,0.033086
EndFrame
SetLocation,-9591.449396,1352.488962,-2660.595166
SetRotation,0.033086,0.000000,-0.999453,0.000000,1.000000,0.000000,0.999453,0.000000,0.033086
EndFrame
SetLocation,-9774.539564,1352.488962,-2666.656165
SetRotation,0.033086,0.000000,-0.999453,0.000000,1.000000,0.000000,0.999453,0.000000,0.033086
EndFrame
SetLocation,-9959.545677,1352.488962,-2672.780590
SetRotation,0.033086,0.000000,-0.999453,0.000000,1.000000,0.000000,0.999453,0.000000,0.033086
EndFrame
SetLocation,-10148.500435,1352.488962,-2679.035730
SetRotation,0.033086,0.000000,-0.999453,0.000000,1.000000,0.000000,0.999453,0.000000,0.033086
EndFrame
SetLocation,-10337.968735,1352.488962,-2685.307870
SetRotation,0.033086,0.000000,-0.999453,0.000000,1.000000,0.000000,0.999453,0.000000,0.033086
EndFrame
SetLocation,-10530.520510,1352.488962,-2691.682086
SetRotation,0.033086,0.000000,-0.999453,0.000000,1.000000,0.000000,0.999453,0.000000,0.033086
EndFrame
SetLocation,-10726.610113,1352.488962,-2698.173417
SetRotation,0.033086,0.000000,-0.999453,0.000000,1.000000,0.000000,0.999453,0.000000,0.033086
EndFrame
SetLocation,-10922.254642,1352.488962,-2704.650015
SetRotation,0.033086,0.000000,-0.999453,0.000000,1.000000,0.000000,0.999453,0.000000,0.033086
EndFrame
SetLocation,-11118.928437,1352.488962,-2711.160685
SetRotation,0.033086,0.000000,-0.999453,0.000000,1.000000,0.000000,0.999453,0.000000,0.033086
EndFrame
SetLocation,-11320.029463,1352.488962,-2717.817914
SetRotation,0.033086,0.000000,-0.999453,0.000000,1.000000,0.000000,0.999453,0.000000,0.033086
EndFrame
SetLocation,-11525.588207,1352.488962,-2724.622711
SetRotation,0.033086,0.000000,-0.999453,0.000000,1.000000,0.000000,0.999453,0.000000,0.033086
EndFrame
SetLocation,-11722.063174,1352.488962,-2731.126800
SetRotation,0.033086,0.000000,-0.999453,0.000000,1.000000,0.000000,0.999453,0.000000,0.033086
EndFrame
SetLocation,-11926.208915,1352.488962,-2737.884821
SetRotation,0.033086,0.000000,-0.999453,0.000000,1.000000,0.000000,0.999453,0.000000,0.033086
EndFrame
SetLocation,-12128.363728,1352.488962,-2744.576935
SetRotation,0.033086,0.000000,-0.999453,0.000000,1.000000,0.000000,0.999453,0.000000,0.033086
EndFrame
SetLocation,-12326.386900,1352.488962,-2751.132275
SetRotation,0.033086,0.000000,-0.999453,0.000000,1.000000,0.000000,0.999453,0.000000,0.033086
EndFrame
SetLocation,-12531.805140,1352.488962,-2757.932420
SetRotation,0.033086,0.000000,-0.999453,0.000000,1.000000,0.000000,0.999453,0.000000,0.033086
EndFrame
SetLocation,-12735.280169,1352.488962,-2764.668238
SetRotation,0.033086,0.000000,-0.999453,0.000000,1.000000,0.000000,0.999453,0.000000,0.033086
EndFrame
SetLocation,-12951.805667,1352.488962,-2771.836078
SetRotation,0.033086,0.000000,-0.999453,0.000000,1.000000,0.000000,0.999453,0.000000,0.033086
EndFrame
SetLocation,-13158.847117,1352.488962,-2778.689958
SetRotation,0.033086,0.000000,-0.999453,0.000000,1.000000,0.000000,0.999453,0.000000,0.033086
EndFrame
SetLocation,-13367.347488,1352.488962,-2785.592134
SetRotation,0.033086,0.000000,-0.999453,0.000000,1.000000,0.000000,0.999453,0.000000,0.033086
EndFrame
SetLocation,-13585.617597,1352.488962,-2792.817727
SetRotation,0.033086,0.000000,-0.999453,0.000000,1.000000,0.000000,0.999453,0.000000,0.033086
EndFrame
SetLocation,-13807.100877,1352.488962,-2800.149688
SetRotation,0.033086,0.000000,-0.999453,0.000000,1.000000,0.000000,0.999453,0.000000,0.033086
EndFrame
SetLocation,-14017.676881,1352.488962,-2807.120576
SetRotation,0.033086,0.000000,-0.999453,0.000000,1.000000,0.000000,0.999453,0.000000,0.033086
EndFrame
SetLocation,-14234.344672,1352.488962,-2814.293126
SetRotation,0.033086,0.000000,-0.999453,0.000000,1.000000,0.000000,0.999453,0.000000,0.033086
EndFrame
SetLocation,-14449.769620,1352.488962,-2821.424533
SetRotation,0.033086,0.000000,-0.999453,0.000000,1.000000,0.000000,0.999453,0.000000,0.033086
EndFrame
SetLocation,-14667.581061,1352.488962,-2828.634942
SetRotation,0.033086,0.000000,-0.999453,0.000000,1.000000,0.000000,0.999453,0.000000,0.033086
EndFrame
SetLocation,-14887.994553,1352.488962,-2835.931489
SetRotation,0.033086,0.000000,-0.999453,0.000000,1.000000,0.000000,0.999453,0.000000,0.033086
EndFrame
SetLocation,-15109.618063,1352.488962,-2843.268092
SetRotation,0.033086,0.000000,-0.999453,0.000000,1.000000,0.000000,0.999453,0.000000,0.033086
EndFrame
SetLocation,-15336.323844,1352.488962,-2850.772939
SetRotation,0.033086,0.000000,-0.999453,0.000000,1.000000,0.000000,0.999453,0.000000,0.033086
EndFrame
SetLocation,-15567.401147,1352.488962,-2858.422500
SetRotation,0.033086,0.000000,-0.999453,0.000000,1.000000,0.000000,0.999453,0.000000,0.033086
EndFrame
SetLocation,-15796.277800,1352.488962,-2865.999211
SetRotation,0.033086,0.000000,-0.999453,0.000000,1.000000,0.000000,0.999453,0.000000,0.033086
EndFrame
SetLocation,-16022.731153,1352.488962,-2873.495701
SetRotation,0.033086,0.000000,-0.999453,0.000000,1.000000,0.000000,0.999453,0.000000,0.033086
EndFrame
SetLocation,-16253.014294,1352.488962,-2881.118972
SetRotation,0.033086,0.000000,-0.999453,0.000000,1.000000,0.000000,0.999453,0.000000,0.033086
EndFrame
SetLocation,-16486.403563,1352.488962,-2888.845068
SetRotation,0.033086,0.000000,-0.999453,0.000000,1.000000,0.000000,0.999453,0.000000,0.033086
EndFrame
SetLocation,-16722.376737,1352.488962,-2896.656701
SetRotation,0.033086,0.000000,-0.999453,0.000000,1.000000,0.000000,0.999453,0.000000,0.033086
EndFrame
SetLocation,-16955.165296,1352.488962,-2904.362911
SetRotation,0.033086,0.000000,-0.999453,0.000000,1.000000,0.000000,0.999453,0.000000,0.033086
EndFrame
SetLocation,-17190.562629,1352.488962,-2912.155482
SetRotation,0.033086,0.000000,-0.999453,0.000000,1.000000,0.000000,0.999453,0.000000,0.033086
EndFrame
SetLocation,-17426.514821,1352.488962,-2919.966421
SetRotation,0.033086,0.000000,-0.999453,0.000000,1.000000,0.000000,0.999453,0.000000,0.033086
EndFrame
SetLocation,-17665.111534,1352.488962,-2927.864903
SetRotation,0.033086,0.000000,-0.999453,0.000000,1.000000,0.000000,0.999453,0.000000,0.033086
EndFrame
SetLocation,-17901.704846,1352.488962,-2935.697066
SetRotation,0.033086,0.000000,-0.999453,0.000000,1.000000,0.000000,0.999453,0.000000,0.033086
EndFrame
SetLocation,-18150.411820,1352.488962,-2943.930238
SetRotation,0.033086,0.000000,-0.999453,0.000000,1.000000,0.000000,0.999453,0.000000,0.033086
EndFrame
SetLocation,-18387.751939,1352.488962,-2951.787122
SetRotation,0.033086,0.000000,-0.999453,0.000000,1.000000,0.000000,0.999453,0.000000,0.033086
EndFrame
SetLocation,-18636.162832,1352.488962,-2960.010493
SetRotation,0.033086,0.000000,-0.999453,0.000000,1.000000,0.000000,0.999453,0.000000,0.033086
EndFrame
SetLocation,-18884.959175,1352.488962,-2968.246623
SetRotation,0.033086,0.000000,-0.999453,0.000000,1.000000,0.000000,0.999453,0.000000,0.033086
EndFrame
SetLocation,-19121.836910,1352.488962,-2976.088201
SetRotation,0.033086,0.000000,-0.999453,0.000000,1.000000,0.000000,0.999453,0.000000,0.033086
EndFrame
SetLocation,-19371.029581,1352.488962,-2984.337451
SetRotation,0.033086,0.000000,-0.999453,0.000000,1.000000,0.000000,0.999453,0.000000,0.033086
EndFrame
SetLocation,-19619.969689,1352.488962,-2992.578340
SetRotation,0.033086,0.000000,-0.999453,0.000000,1.000000,0.000000,0.999453,0.000000,0.033086
EndFrame
SetLocation,-19857.950495,1352.488962,-3000.456434
SetRotation,0.033086,0.000000,-0.999453,0.000000,1.000000,0.000000,0.999453,0.000000,0.033086
EndFrame
SetLocation,-20108.097763,1352.488962,-3008.737285
SetRotation,0.033086,0.000000,-0.999453,0.000000,1.000000,0.000000,0.999453,0.000000,0.033086
EndFrame
SetLocation,-20358.369474,1352.488962,-3017.022256
SetRotation,0.033086,0.000000,-0.999453,0.000000,1.000000,0.000000,0.999453,0.000000,0.033086
EndFrame
SetLocation,-20601.703972,1352.488962,-3025.077578
SetRotation,0.033086,0.000000,-0.999453,0.000000,1.000000,0.000000,0.999453,0.000000,0.033086
EndFrame
SetLocation,-20861.781077,1352.488962,-3033.687146
SetRotation,0.033086,0.000000,-0.999453,0.000000,1.000000,0.000000,0.999453,0.000000,0.033086
EndFrame
SetLocation,-21117.950354,1352.488962,-3042.167349
SetRotation,0.033086,0.000000,-0.999453,0.000000,1.000000,0.000000,0.999453,0.000000,0.033086
EndFrame
SetLocation,-21365.906583,1352.488962,-3050.375668
SetRotation,0.033086,0.000000,-0.999453,0.000000,1.000000,0.000000,0.999453,0.000000,0.033086
EndFrame
SetLocation,-21616.668517,1352.488962,-3058.676867
SetRotation,0.033086,0.000000,-0.999453,0.000000,1.000000,0.000000,0.999453,0.000000,0.033086
EndFrame
SetLocation,-21864.370283,1352.488962,-3066.876763
SetRotation,0.033086,0.000000,-0.999453,0.000000,1.000000,0.000000,0.999453,0.000000,0.033086
EndFrame
SetLocation,-22112.433916,1352.488962,-3075.088637
SetRotation,0.033086,0.000000,-0.999453,0.000000,1.000000,0.000000,0.999453,0.000000,0.033086
EndFrame
SetLocation,-22377.958414,1352.488962,-3083.878535
SetRotation,0.033086,0.000000,-0.999453,0.000000,1.000000,0.000000,0.999453,0.000000,0.033086
EndFrame
SetLocation,-22630.469434,1352.488962,-3092.237636
SetRotation,0.033086,0.000000,-0.999453,0.000000,1.000000,0.000000,0.999453,0.000000,0.033086
EndFrame
SetLocation,-22883.626579,1352.488962,-3100.618125
SetRotation,0.033086,0.000000,-0.999453,0.000000,1.000000,0.000000,0.999453,0.000000,0.033086
EndFrame
SetLocation,-23141.197550,1352.488962,-3109.144730
SetRotation,0.033086,0.000000,-0.999453,0.000000,1.000000,0.000000,0.999453,0.000000,0.033086
EndFrame
SetLocation,-23411.437044,1352.488962,-3118.090712
SetRotation,0.033086,0.000000,-0.999453,0.000000,1.000000,0.000000,0.999453,0.000000,0.033086
EndFrame
SetLocation,-23678.346015,1352.488962,-3126.926441
SetRotation,0.033086,0.000000,-0.999453,0.000000,1.000000,0.000000,0.999453,0.000000,0.033086
EndFrame
SetLocation,-23935.746938,1352.488962,-3135.447417
SetRotation,0.033086,0.000000,-0.999453,0.000000,1.000000,0.000000,0.999453,0.000000,0.033086
EndFrame
SetLocation,-24202.374047,1352.488962,-3144.273815
SetRotation,0.033086,0.000000,-0.999453,0.000000,1.000000,0.000000,0.999453,0.000000,0.033086
EndFrame
SetLocation,-24464.729157,1352.488962,-3152.958794
SetRotation,0.033086,0.000000,-0.999453,0.000000,1.000000,0.000000,0.999453,0.000000,0.033086
EndFrame
SetLocation,-24741.217688,1352.488962,-3162.111643
SetRotation,0.033086,0.000000,-0.999453,0.000000,1.000000,0.000000,0.999453,0.000000,0.033086
EndFrame
SetLocation,-25014.159060,1352.488962,-3171.147068
SetRotation,0.033086,0.000000,-0.999453,0.000000,1.000000,0.000000,0.999453,0.000000,0.033086
EndFrame
SetLocation,-25280.851226,1352.488962,-3179.975620
SetRotation,0.033086,0.000000,-0.999453,0.000000,1.000000,0.000000,0.999453,0.000000,0.033086
EndFrame
SetLocation,-25552.627447,1352.488962,-3188.972474
SetRotation,0.033086,0.000000,-0.999453,0.000000,1.000000,0.000000,0.999453,0.000000,0.033086
EndFrame
SetLocation,-25834.805339,1352.488962,-3198.313664
SetRotation,0.033086,0.000000,-0.999453,0.000000,1.000000,0.000000,0.999453,0.000000,0.033086
EndFrame
SetLocation,-26105.036463,1352.488962,-3207.259370
SetRotation,0.033086,0.000000,-0.999453,0.000000,1.000000,0.000000,0.999453,0.000000,0.033086
EndFrame
SetLocation,-26377.131087,1352.488962,-3216.266764
SetRotation,0.033086,0.000000,-0.999453,0.000000,1.000000,0.000000,0.999453,0.000000,0.033086
EndFrame
SetLocation,-26656.242202,1352.488962,-3225.506431
SetRotation,0.033086,0.000000,-0.999453,0.000000,1.000000,0.000000,0.999453,0.000000,0.033086
EndFrame
SetLocation,-26945.275933,1352.488962,-3235.074576
SetRotation,0.033086,0.000000,-0.999453,0.000000,1.000000,0.000000,0.999453,0.000000,0.033086
EndFrame
SetLocation,-27224.025183,1352.488962,-3244.302265
SetRotation,0.033086,0.000000,-0.999453,0.000000,1.000000,0.000000,0.999453,0.000000,0.033086
EndFrame
SetLocation,-27500.364340,1352.488962,-3253.450170
SetRotation,0.033086,0.000000,-0.999453,0.000000,1.000000,0.000000,0.999453,0.000000,0.033086
EndFrame
SetLocation,-27788.048671,1352.488962,-3262.973644
SetRotation,0.033086,0.000000,-0.999453,0.000000,1.000000,0.000000,0.999453,0.000000,0.033086
EndFrame
SetLocation,-28075.916368,1352.488962,-3272.503189
SetRotation,0.033086,0.000000,-0.999453,0.000000,1.000000,0.000000,0.999453,0.000000,0.033086
EndFrame
SetLocation,-28382.301802,1352.488962,-3282.645743
SetRotation,0.033086,0.000000,-0.999453,0.000000,1.000000,0.000000,0.999453,0.000000,0.033086
EndFrame
SetLocation,-28696.503561,1352.488962,-3293.047048
SetRotation,0.033086,0.000000,-0.999453,0.000000,1.000000,0.000000,0.999453,0.000000,0.033086
EndFrame
SetLocation,-29008.450854,1352.488962,-3303.373721
SetRotation,0.033086,0.000000,-0.999453,0.000000,1.000000,0.000000,0.999453,0.000000,0.033086
EndFrame
SetLocation,-29324.046773,1352.488962,-3313.821178
SetRotation,0.033086,0.000000,-0.999453,0.000000,1.000000,0.000000,0.999453,0.000000,0.033086
EndFrame
SetLocation,-29644.412288,1352.488962,-3324.426528
SetRotation,0.033086,0.000000,-0.999453,0.000000,1.000000,0.000000,0.999453,0.000000,0.033086
EndFrame
SetLocation,-29980.031570,1352.488962,-3335.536836
SetRotation,0.033086,0.000000,-0.999453,0.000000,1.000000,0.000000,0.999453,0.000000,0.033086
EndFrame
SetLocation,-30304.449117,1352.488962,-3346.276324
SetRotation,0.033086,0.000000,-0.999453,0.000000,1.000000,0.000000,0.999453,0.000000,0.033086
EndFrame
SetLocation,-30621.896911,1352.488962,-3356.785085
SetRotation,0.033086,0.000000,-0.999453,0.000000,1.000000,0.000000,0.999453,0.000000,0.033086
EndFrame
SetLocation,-30947.976831,1352.488962,-3367.579603
SetRotation,0.033086,0.000000,-0.999453,0.000000,1.000000,0.000000,0.999453,0.000000,0.033086
EndFrame
SetLocation,-31288.171921,1352.488962,-3378.841389
SetRotation,0.033086,0.000000,-0.999453,0.000000,1.000000,0.000000,0.999453,0.000000,0.033086
EndFrame
SetLocation,-31611.393032,1352.488962,-3389.541270
SetRotation,0.033086,0.000000,-0.999453,0.000000,1.000000,0.000000,0.999453,0.000000,0.033086
EndFrame
SetLocation,-31945.023382,1352.488962,-3400.585737
SetRotation,0.033086,0.000000,-0.999453,0.000000,1.000000,0.000000,0.999453,0.000000,0.033086
EndFrame
SetLocation,-32277.435555,1352.488962,-3411.589878
SetRotation,0.033086,0.000000,-0.999453,0.000000,1.000000,0.000000,0.999453,0.000000,0.033086
EndFrame
SetLocation,-32620.564150,1352.488962,-3422.948774
SetRotation,0.033086,0.000000,-0.999453,0.000000,1.000000,0.000000,0.999453,0.000000,0.033086
EndFrame
SetLocation,-32958.381444,1352.488962,-3434.131845
SetRotation,0.033086,0.000000,-0.999453,0.000000,1.000000,0.000000,0.999453,0.000000,0.033086
EndFrame
SetLocation,-33291.581703,1352.488962,-3445.162074
SetRotation,0.033086,0.000000,-0.999453,0.000000,1.000000,0.000000,0.999453,0.000000,0.033086
EndFrame
SetLocation,-33625.917732,1352.488962,-3456.229902
SetRotation,0.033086,0.000000,-0.999453,0.000000,1.000000,0.000000,0.999453,0.000000,0.033086
EndFrame
SetLocation,-33968.762766,1352.488962,-3467.579412
SetRotation,0.033086,0.000000,-0.999453,0.000000,1.000000,0.000000,0.999453,0.000000,0.033086
EndFrame
SetLocation,-34305.273150,1352.488962,-3478.719219
SetRotation,0.033086,0.000000,-0.999453,0.000000,1.000000,0.000000,0.999453,0.000000,0.033086
EndFrame
SetLocation,-34638.647568,1352.488962,-3489.755214
SetRotation,0.033086,0.000000,-0.999453,0.000000,1.000000,0.000000,0.999453,0.000000,0.033086
EndFrame
SetLocation,-34988.757962,1352.488962,-3501.345235
SetRotation,0.033086,0.000000,-0.999453,0.000000,1.000000,0.000000,0.999453,0.000000,0.033086
EndFrame
SetLocation,-35332.842677,1352.488962,-3512.735782
SetRotation,0.033086,0.000000,-0.999453,0.000000,1.000000,0.000000,0.999453,0.000000,0.033086
EndFrame
SetLocation,-35695.798774,1352.488962,-3524.751046
SetRotation,0.033086,0.000000,-0.999453,0.000000,1.000000,0.000000,0.999453,0.000000,0.033086
EndFrame
SetLocation,-36049.686130,1352.488962,-3536.466099
SetRotation,0.033086,0.000000,-0.999453,0.000000,1.000000,0.000000,0.999453,0.000000,0.033086
EndFrame
SetLocation,-36407.576322,1352.488962,-3548.313662
SetRotation,0.033086,0.000000,-0.999453,0.000000,1.000000,0.000000,0.999453,0.000000,0.033086
EndFrame
SetLocation,-36775.359035,1352.488962,-3560.488705
SetRotation,0.033086,0.000000,-0.999453,0.000000,1.000000,0.000000,0.999453,0.000000,0.033086
EndFrame
SetLocation,-37136.797867,1352.488962,-3572.453742
SetRotation,0.033086,0.000000,-0.999453,0.000000,1.000000,0.000000,0.999453,0.000000,0.033086
EndFrame
SetLocation,-37485.217599,1352.488962,-3583.987795
SetRotation,0.033086,0.000000,-0.999453,0.000000,1.000000,0.000000,0.999453,0.000000,0.033086
EndFrame
SetLocation,-37858.233046,1352.488962,-3596.336063
SetRotation,0.033086,0.000000,-0.999453,0.000000,1.000000,0.000000,0.999453,0.000000,0.033086
EndFrame
SetLocation,-38219.930866,1352.488962,-3608.309673
SetRotation,0.033086,0.000000,-0.999453,0.000000,1.000000,0.000000,0.999453,0.000000,0.033086
EndFrame
SetLocation,-38591.614794,1352.488962,-3620.613862
SetRotation,0.033086,0.000000,-0.999453,0.000000,1.000000,0.000000,0.999453,0.000000,0.033086
EndFrame
SetLocation,-38968.427568,1352.488962,-3633.087836
SetRotation,0.033086,0.000000,-0.999453,0.000000,1.000000,0.000000,0.999453,0.000000,0.033086
EndFrame
SetLocation,-39334.749483,1352.488962,-3645.214522
SetRotation,0.033086,0.000000,-0.999453,0.000000,1.000000,0.000000,0.999453,0.000000,0.033086
EndFrame
SetLocation,-39700.347836,1352.488962,-3657.317254
SetRotation,0.033086,0.000000,-0.999453,0.000000,1.000000,0.000000,0.999453,0.000000,0.033086
EndFrame
SetLocation,-40071.015992,1352.488962,-3669.587818
SetRotation,0.033086,0.000000,-0.999453,0.000000,1.000000,0.000000,0.999453,0.000000,0.033086
EndFrame
SetLocation,-40467.093247,1352.488962,-3682.699521
SetRotation,0.033086,0.000000,-0.999453,0.000000,1.000000,0.000000,0.999453,0.000000,0.033086
EndFrame
SetLocation,-40835.598979,1352.488962,-3694.898500
SetRotation,0.033086,0.000000,-0.999453,0.000000,1.000000,0.000000,0.999453,0.000000,0.033086
EndFrame
SetLocation,-41212.509354,1352.488962,-3707.375704
SetRotation,0.033086,0.000000,-0.999453,0.000000,1.000000,0.000000,0.999453,0.000000,0.033086
EndFrame
SetLocation,-41594.952054,1352.488962,-3720.036051
SetRotation,0.033086,0.000000,-0.999453,0.000000,1.000000,0.000000,0.999453,0.000000,0.033086
EndFrame
SetLocation,-41967.048491,1352.488962,-3732.353896
SetRotation,0.033086,0.000000,-0.999453,0.000000,1.000000,0.000000,0.999453,0.000000,0.033086
EndFrame
SetLocation,-42336.491090,1352.488962,-3744.583888
SetRotation,0.033086,0.000000,-0.999453,0.000000,1.000000,0.000000,0.999453,0.000000,0.033086
EndFrame
SetLocation,-42713.347154,1352.488962,-3757.059295
SetRotation,0.033086,0.000000,-0.999453,0.000000,1.000000,0.000000,0.999453,0.000000,0.033086
EndFrame
SetLocation,-43083.283490,1352.488962,-3769.305632
SetRotation,0.033086,0.000000,-0.999453,0.000000,1.000000,0.000000,0.999453,0.000000,0.033086
EndFrame
SetLocation,-43453.760468,1352.488962,-3781.569867
SetRotation,0.033086,0.000000,-0.999453,0.000000,1.000000,0.000000,0.999453,0.000000,0.033086
EndFrame
SetLocation,-43830.168465,1352.488962,-3794.030441
SetRotation,0.033086,0.000000,-0.999453,0.000000,1.000000,0.000000,0.999453,0.000000,0.033086
EndFrame
SetLocation,-44200.723207,1352.488962,-3806.297250
SetRotation,0.033086,0.000000,-0.999453,0.000000,1.000000,0.000000,0.999453,0.000000,0.033086
EndFrame
SetLocation,-44582.280884,1352.488962,-3818.928298
SetRotation,0.033086,0.000000,-0.999453,0.000000,1.000000,0.000000,0.999453,0.000000,0.033086
EndFrame
SetLocation,-44964.482605,1352.488962,-3831.580667
SetRotation,0.033086,0.000000,-0.999453,0.000000,1.000000,0.000000,0.999453,0.000000,0.033086
EndFrame
SetLocation,-45357.577200,1352.488962,-3844.593633
SetRotation,0.033086,0.000000,-0.999453,0.000000,1.000000,0.000000,0.999453,0.000000,0.033086
EndFrame
SetLocation,-45738.668345,1352.488962,-3857.209238
SetRotation,0.033086,0.000000,-0.999453,0.000000,1.000000,0.000000,0.999453,0.000000,0.033086
EndFrame
SetLocation,-46124.259834,1352.488962,-3869.973822
SetRotation,0.033086,0.000000,-0.999453,0.000000,1.000000,0.000000,0.999453,0.000000,0.033086
EndFrame
SetLocation,-46508.641757,1352.488962,-3882.698364
SetRotation,0.033086,0.000000,-0.999453,0.000000,1.000000,0.000000,0.999453,0.000000,0.033086
EndFrame
SetLocation,-46925.331691,1352.488962,-3896.492428
SetRotation,0.033086,0.000000,-0.999453,0.000000,1.000000,0.000000,0.999453,0.000000,0.033086
EndFrame
SetLocation,-47314.030110,1352.488962,-3909.359863
SetRotation,0.033086,0.000000,-0.999453,0.000000,1.000000,0.000000,0.999453,0.000000,0.033086
EndFrame
SetLocation,-47721.210397,1352.488962,-3922.839120
SetRotation,0.033086,0.000000,-0.999453,0.000000,1.000000,0.000000,0.999453,0.000000,0.033086
EndFrame
SetLocation,-48114.924828,1352.488962,-3935.872605
SetRotation,0.033086,0.000000,-0.999453,0.000000,1.000000,0.000000,0.999453,0.000000,0.033086
EndFrame
SetLocation,-48509.918462,1352.488962,-3948.948436
SetRotation,0.033086,0.000000,-0.999453,0.000000,1.000000,0.000000,0.999453,0.000000,0.033086
EndFrame
SetLocation,-48901.508783,1352.488962,-3961.911605
SetRotation,0.033086,0.000000,-0.999453,0.000000,1.000000,0.000000,0.999453,0.000000,0.033086
EndFrame
SetLocation,-49303.227449,1352.488962,-3975.210061
SetRotation,0.033086,0.000000,-0.999453,0.000000,1.000000,0.000000,0.999453,0.000000,0.033086
EndFrame
SetLocation,-49716.862978,1352.488962,-3988.903012
SetRotation,0.033086,0.000000,-0.999453,0.000000,1.000000,0.000000,0.999453,0.000000,0.033086
EndFrame
SetLocation,-50132.048817,1352.488962,-4002.647284
SetRotation,0.033086,0.000000,-0.999453,0.000000,1.000000,0.000000,0.999453,0.000000,0.033086
EndFrame
SetLocation,-50558.011804,1352.488962,-4016.748322
SetRotation,0.033086,0.000000,-0.999453,0.000000,1.000000,0.000000,0.999453,0.000000,0.033086
EndFrame
SetLocation,-50958.380373,1352.488962,-4030.002085
SetRotation,0.033086,0.000000,-0.999453,0.000000,1.000000,0.000000,0.999453,0.000000,0.033086
EndFrame
SetLocation,-51390.862140,1352.488962,-4044.318920
SetRotation,0.033086,0.000000,-0.999453,0.000000,1.000000,0.000000,0.999453,0.000000,0.033086
EndFrame
SetLocation,-51805.249768,1352.488962,-4058.036768
SetRotation,0.033086,0.000000,-0.999453,0.000000,1.000000,0.000000,0.999453,0.000000,0.033086
EndFrame
SetLocation,-52232.317859,1352.488962,-4072.174389
SetRotation,0.033086,0.000000,-0.999453,0.000000,1.000000,0.000000,0.999453,0.000000,0.033086
EndFrame
SetLocation,-52642.607390,1352.488962,-4085.756575
SetRotation,0.033086,0.000000,-0.999453,0.000000,1.000000,0.000000,0.999453,0.000000,0.033086
EndFrame
SetLocation,-53069.416605,1352.488962,-4099.885626
SetRotation,0.033086,0.000000,-0.999453,0.000000,1.000000,0.000000,0.999453,0.000000,0.033086
EndFrame
SetLocation,-53482.482394,1352.488962,-4113.559716
SetRotation,0.033086,0.000000,-0.999453,0.000000,1.000000,0.000000,0.999453,0.000000,0.033086
EndFrame
SetLocation,-53908.184655,1352.488962,-4127.652123
SetRotation,0.033086,0.000000,-0.999453,0.000000,1.000000,0.000000,0.999453,0.000000,0.033086
EndFrame
SetLocation,-54326.091831,1352.488962,-4141.486482
SetRotation,0.033086,0.000000,-0.999453,0.000000,1.000000,0.000000,0.999453,0.000000,0.033086
EndFrame
SetLocation,-54754.271430,1352.488962,-4155.660899
SetRotation,0.033086,0.000000,-0.999453,0.000000,1.000000,0.000000,0.999453,0.000000,0.033086
EndFrame
SetLocation,-55171.815536,1352.488962,-4169.483239
SetRotation,0.033086,0.000000,-0.999453,0.000000,1.000000,0.000000,0.999453,0.000000,0.033086
EndFrame
SetLocation,-55597.932519,1352.488962,-4183.589375
SetRotation,0.033086,0.000000,-0.999453,0.000000,1.000000,0.000000,0.999453,0.000000,0.033086
EndFrame
SetLocation,-56028.308186,1352.488962,-4197.836489
SetRotation,0.033086,0.000000,-0.999453,0.000000,1.000000,0.000000,0.999453,0.000000,0.033086
EndFrame
SetLocation,-56452.768937,1352.488962,-4211.887797
SetRotation,0.033086,0.000000,-0.999453,0.000000,1.000000,0.000000,0.999453,0.000000,0.033086
EndFrame
SetLocation,-56867.777152,1352.488962,-4225.626190
SetRotation,0.033086,0.000000,-0.999453,0.000000,1.000000,0.000000,0.999453,0.000000,0.033086
EndFrame
SetLocation,-57290.076100,1352.488962,-4239.605933
SetRotation,0.033086,0.000000,-0.999453,0.000000,1.000000,0.000000,0.999453,0.000000,0.033086
EndFrame
SetLocation,-57727.171734,1352.488962,-4254.075505
SetRotation,0.033086,0.000000,-0.999453,0.000000,1.000000,0.000000,0.999453,0.000000,0.033086
EndFrame
SetLocation,-58162.193373,1352.488962,-4268.476420
SetRotation,0.033086,0.000000,-0.999453,0.000000,1.000000,0.000000,0.999453,0.000000,0.033086
EndFrame
SetLocation,-58595.254222,1352.488962,-4282.812425
SetRotation,0.033086,0.000000,-0.999453,0.000000,1.000000,0.000000,0.999453,0.000000,0.033086
EndFrame
SetLocation,-59018.722149,1352.488962,-4296.830867
SetRotation,0.033086,0.000000,-0.999453,0.000000,1.000000,0.000000,0.999453,0.000000,0.033086
EndFrame
SetLocation,-59436.011420,1352.488962,-4310.644771
SetRotation,0.033086,0.000000,-0.999453,0.000000,1.000000,0.000000,0.999453,0.000000,0.033086
EndFrame
SetLocation,-59853.918416,1352.488962,-4324.479124
SetRotation,0.033086,0.000000,-0.999453,0.000000,1.000000,0.000000,0.999453,0.000000,0.033086
EndFrame
SetLocation,-60281.000460,1352.488962,-4338.617207
SetRotation,0.033086,0.000000,-0.999453,0.000000,1.000000,0.000000,0.999453,0.000000,0.033086
EndFrame
SetLocation,-60712.058591,1352.488962,-4352.886914
SetRotation,0.033086,0.000000,-0.999453,0.000000,1.000000,0.000000,0.999453,0.000000,0.033086
EndFrame
SetLocation,-61136.258845,1352.488962,-4366.929599
SetRotation,0.033086,0.000000,-0.999453,0.000000,1.000000,0.000000,0.999453,0.000000,0.033086
EndFrame
SetLocation,-61562.770680,1352.488962,-4381.048805
SetRotation,0.033086,0.000000,-0.999453,0.000000,1.000000,0.000000,0.999453,0.000000,0.033086
EndFrame
SetLocation,-61990.831023,1352.488962,-4395.219274
SetRotation,0.033086,0.000000,-0.999453,0.000000,1.000000,0.000000,0.999453,0.000000,0.033086
EndFrame
SetLocation,-62414.065557,1352.488962,-4409.229989
SetRotation,0.033086,0.000000,-0.999453,0.000000,1.000000,0.000000,0.999453,0.000000,0.033086
EndFrame
SetLocation,-62841.305526,1352.488962,-4423.373300
SetRotation,0.033086,0.000000,-0.999453,0.000000,1.000000,0.000000,0.999453,0.000000,0.033086
EndFrame
SetLocation,-62841.305526,1352.488962,-4423.373300
SetRotation,0.033086,0.000000,-0.999453,0.000000,1.000000,0.000000,0.999453,0.000000,0.033086
EndFrame
SetLocation,-62841.305526,1352.488962,-4423.373300
SetRotation,0.033086,0.000000,-0.999453,0.000000,1.000000,0.000000,0.999453,0.000000,0.033086
EndFrame
SetLocation,-62841.305526,1352.488962,-4423.373300
SetRotation,0.033086,0.000000,-0.999453,0.000000,1.000000,0.000000,0.999453,0.000000,0.033086
EndFrame
SetLocation,-62841.305526,1352.488962,-4423.373300
SetRotation,0.033086,0.000000,-0.999453,0.000000,1.000000,0.000000,0.999453,0.000000,0.033086
EndFrame
SetLocation,-62841.305526,1352.488962,-4423.373300
SetRotation,0.033086,0.000000,-0.999453,0.000000,1.000000,0.000000,0.999453,0.000000,0.033086
EndFrame
SetLocation,-62841.305526,1352.488962,-4423.373300
SetRotation,0.033086,0.000000,-0.999453,0.000000,1.000000,0.000000,0.999453,0.000000,0.033086
EndFrame
SetLocation,-62841.305526,1352.488962,-4423.373300
SetRotation,0.033086,0.000000,-0.999453,0.000000,1.000000,0.000000,0.999453,0.000000,0.033086
EndFrame
SetLocation,-62841.305526,1352.488962,-4423.373300
SetRotation,0.033086,0.000000,-0.999453,0.000000,1.000000,0.000000,0.999453,0.000000,0.033086
EndFrame
SetLocation,-62841.305526,1352.488962,-4423.373300
SetRotation,0.033086,0.000000,-0.999453,0.000000,1.000000,0.000000,0.999453,0.000000,0.033086
EndFrame
SetLocation,-62841.305526,1352.488962,-4423.373300
SetRotation,0.033086,0.000000,-0.999453,0.000000,1.000000,0.000000,0.999453,0.000000,0.033086
EndFrame
SetLocation,-62841.305526,1352.488962,-4423.373300
SetRotation,0.033086,0.000000,-0.999453,0.000000,1.000000,0.000000,0.999453,0.000000,0.033086
EndFrame
SetLocation,-62841.305526,1352.488962,-4423.373300
SetRotation,0.033086,0.000000,-0.999453,0.000000,1.000000,0.000000,0.999453,0.000000,0.033086
EndFrame
SetLocation,-62841.305526,1352.488962,-4423.373300
SetRotation,0.033086,0.000000,-0.999453,0.000000,1.000000,0.000000,0.999453,0.000000,0.033086
EndFrame
SetLocation,-62841.305526,1352.488962,-4423.373300
SetRotation,0.033086,0.000000,-0.999453,0.000000,1.000000,0.000000,0.999453,0.000000,0.033086
EndFrame
SetLocation,-62841.305526,1352.488962,-4423.373300
SetRotation,0.033086,0.000000,-0.999453,0.000000,1.000000,0.000000,0.999453,0.000000,0.033086
EndFrame
SetLocation,-62841.305526,1352.488962,-4423.373300
SetRotation,0.033086,0.000000,-0.999453,0.000000,1.000000,0.000000,0.999453,0.000000,0.033086
EndFrame
SetLocation,-62841.305526,1352.488962,-4423.373300
SetRotation,0.033086,0.000000,-0.999453,0.000000,1.000000,0.000000,0.999453,0.000000,0.033086
EndFrame
SetLocation,-62841.305526,1352.488962,-4423.373300
SetRotation,0.033086,0.000000,-0.999453,0.000000,1.000000,0.000000,0.999453,0.000000,0.033086
EndFrame
SetLocation,-62841.305526,1352.488962,-4423.373300
SetRotation,0.033086,0.000000,-0.999453,0.000000,1.000000,0.000000,0.999453,0.000000,0.033086
EndFrame
SetLocation,-62841.305526,1352.488962,-4423.373300
SetRotation,0.033086,0.000000,-0.999453,0.000000,1.000000,0.000000,0.999453,0.000000,0.033086
EndFrame
SetLocation,-62841.305526,1352.488962,-4423.373300
SetRotation,0.033086,0.000000,-0.999453,0.000000,1.000000,0.000000,0.999453,0.000000,0.033086
EndFrame
SetLocation,-62841.305526,1352.488962,-4423.373300
SetRotation,0.033086,0.000000,-0.999453,0.000000,1.000000,0.000000,0.999453,0.000000,0.033086
EndFrame
SetLocation,-62841.305526,1352.488962,-4423.373300
SetRotation,0.033086,0.000000,-0.999453,0.000000,1.000000,0.000000,0.999453,0.000000,0.033086
EndFrame
SetLocation,-62841.305526,1352.488962,-4423.373300
SetRotation,0.033086,0.000000,-0.999453,0.000000,1.000000,0.000000,0.999453,0.000000,0.033086
EndFrame
SetLocation,-62841.305526,1352.488962,-4423.373300
SetRotation,0.033086,0.000000,-0.999453,0.000000,1.000000,0.000000,0.999453,0.000000,0.033086
EndFrame
SetLocation,-62841.305526,1352.488962,-4423.373300
SetRotation,0.033086,0.000000,-0.999453,0.000000,1.000000,0.000000,0.999453,0.000000,0.033086
EndFrame
SetLocation,-62841.305526,1352.488962,-4423.373300
SetRotation,0.033086,0.000000,-0.999453,0.000000,1.000000,0.000000,0.999453,0.000000,0.033086
EndFrame
SetLocation,-62841.305526,1352.488962,-4423.373300
SetRotation,0.033086,0.000000,-0.999453,0.000000,1.000000,0.000000,0.999453,0.000000,0.033086
EndFrame
SetLocation,-62841.305526,1352.488962,-4423.373300
SetRotation,0.033086,0.000000,-0.999453,0.000000,1.000000,0.000000,0.999453,0.000000,0.033086
EndFrame
SetLocation,-62841.305526,1352.488962,-4423.373300
SetRotation,0.033086,0.000000,-0.999453,0.000000,1.000000,0.000000,0.999453,0.000000,0.033086
EndFrame
SetLocation,-62841.305526,1352.488962,-4423.373300
SetRotation,0.033086,0.000000,-0.999453,0.000000,1.000000,0.000000,0.999453,0.000000,0.033086
EndFrame
SetLocation,-62841.305526,1352.488962,-4423.373300
SetRotation,0.033086,0.000000,-0.999453,0.000000,1.000000,0.000000,0.999453,0.000000,0.033086
EndFrame
SetLocation,-62841.305526,1352.488962,-4423.373300
SetRotation,0.033086,0.000000,-0.999453,0.000000,1.000000,0.000000,0.999453,0.000000,0.033086
EndFrame
SetLocation,-62841.305526,1352.488962,-4423.373300
SetRotation,0.033086,0.000000,-0.999453,0.000000,1.000000,0.000000,0.999453,0.000000,0.033086
EndFrame
SetLocation,-62841.305526,1352.488962,-4423.373300
SetRotation,0.033086,0.000000,-0.999453,0.000000,1.000000,0.000000,0.999453,0.000000,0.033086
EndFrame
SetLocation,-62841.305526,1352.488962,-4423.373300
SetRotation,0.033086,0.000000,-0.999453,0.000000,1.000000,0.000000,0.999453,0.000000,0.033086
EndFrame
SetLocation,-62841.305526,1352.488962,-4423.373300
SetRotation,0.033086,0.000000,-0.999453,0.000000,1.000000,0.000000,0.999453,0.000000,0.033086
EndFrame
SetLocation,-62841.305526,1352.488962,-4423.373300
SetRotation,0.033086,0.000000,-0.999453,0.000000,1.000000,0.000000,0.999453,0.000000,0.033086
EndFrame
SetLocation,-62841.305526,1352.488962,-4423.373300
SetRotation,0.033086,0.000000,-0.999453,0.000000,1.000000,0.000000,0.999453,0.000000,0.033086
EndFrame
SetLocation,-62841.305526,1352.488962,-4423.373300
SetRotation,0.033086,0.000000,-0.999453,0.000000,1.000000,0.000000,0.999453,0.000000,0.033086
EndFrame
SetLocation,-62841.305526,1352.488962,-4423.373300
SetRotation,0.033086,0.000000,-0.999453,0.000000,1.000000,0.000000,0.999453,0.000000,0.033086
EndFrame
SetLocation,-62841.305526,1352.488962,-4423.373300
SetRotation,0.033086,0.000000,-0.999453,0.000000,1.000000,0.000000,0.999453,0.000000,0.033086
EndFrame
SetLocation,-62841.305526,1352.488962,-4423.373300
SetRotation,0.033086,0.000000,-0.999453,0.000000,1.000000,0.000000,0.999453,0.000000,0.033086
EndFrame
SetLocation,-62841.305526,1352.488962,-4423.373300
SetRotation,0.033086,0.000000,-0.999453,0.000000,1.000000,0.000000,0.999453,0.000000,0.033086
EndFrame
SetLocation,-62841.305526,1352.488962,-4423.373300
SetRotation,0.033086,0.000000,-0.999453,0.000000,1.000000,0.000000,0.999453,0.000000,0.033086
EndFrame
SetLocation,-62841.305526,1352.488962,-4423.373300
SetRotation,0.033086,0.000000,-0.999453,0.000000,1.000000,0.000000,0.999453,0.000000,0.033086
EndFrame
SetLocation,-62841.305526,1352.488962,-4423.373300
SetRotation,0.033086,0.000000,-0.999453,0.000000,1.000000,0.000000,0.999453,0.000000,0.033086
EndFrame
SetLocation,-62841.305526,1352.488962,-4423.373300
SetRotation,0.033086,0.000000,-0.999453,0.000000,1.000000,0.000000,0.999453,0.000000,0.033086
EndFrame
SetLocation,-62841.305526,1352.488962,-4423.373300
SetRotation,0.033086,0.000000,-0.999453,0.000000,1.000000,0.000000,0.999453,0.000000,0.033086
EndFrame
SetLocation,-62841.305526,1352.488962,-4423.373300
SetRotation,0.033086,0.000000,-0.999453,0.000000,1.000000,0.000000,0.999453,0.000000,0.033086
EndFrame
SetLocation,-62841.305526,1352.488962,-4423.373300
SetRotation,0.033086,0.000000,-0.999453,0.000000,1.000000,0.000000,0.999453,0.000000,0.033086
EndFrame
SetLocation,-62841.305526,1352.488962,-4423.373300
SetRotation,0.033086,0.000000,-0.999453,0.000000,1.000000,0.000000,0.999453,0.000000,0.033086
EndFrame
SetLocation,-62841.305526,1352.488962,-4423.373300
SetRotation,0.033086,0.000000,-0.999453,0.000000,1.000000,0.000000,0.999453,0.000000,0.033086
EndFrame
SetLocation,-62841.305526,1352.488962,-4423.373300
SetRotation,0.033086,0.000000,-0.999453,0.000000,1.000000,0.000000,0.999453,0.000000,0.033086
EndFrame
